state,aqi,date
Johor,43.8875,2005-10-01
Kedah,34.403333333333336,2005-10-01
Kelantan,33.305,2005-10-01
Melaka,51.095,2005-10-01
Negeri Sembilan,46.54,2005-10-01
Pahang,44.39666666666667,2005-10-01
Perak,39.796,2005-10-01
Perlis,51.37,2005-10-01
Pulau Pinang,35.85666666666666,2005-10-01
Sabah,34.5825,2005-10-01
Sarawak,33.225,2005-10-01
Selangor,46.558,2005-10-01
Terengganu,33.660000000000004,2005-10-01
Wilayah Persekutuan,36.63333333333333,2005-10-01
Johor,39.4625,2005-11-01
Kedah,34.56333333333333,2005-11-01
Kelantan,34.3,2005-11-01
Melaka,49.55,2005-11-01
Negeri Sembilan,43.260000000000005,2005-11-01
Pahang,39.56,2005-11-01
Perak,36.752,2005-11-01
Perlis,51.65,2005-11-01
Pulau Pinang,36.2,2005-11-01
Sabah,34.2375,2005-11-01
Sarawak,33.369,2005-11-01
Selangor,43.83,2005-11-01
Terengganu,30.926666666666662,2005-11-01
Wilayah Persekutuan,32.60333333333333,2005-11-01
Johor,37.0325,2005-12-01
Kedah,33.96666666666667,2005-12-01
Kelantan,33.575,2005-12-01
Melaka,52.46,2005-12-01
Negeri Sembilan,42.775,2005-12-01
Pahang,39.79666666666667,2005-12-01
Perak,37.82,2005-12-01
Perlis,53.41,2005-12-01
Pulau Pinang,36.85,2005-12-01
Sabah,37.995000000000005,2005-12-01
Sarawak,34.001999999999995,2005-12-01
Selangor,48.416,2005-12-01
Terengganu,33.07,2005-12-01
Wilayah Persekutuan,34.74,2005-12-01
Johor,39.395,2006-01-01
Kedah,43.75333333333333,2006-01-01
Kelantan,43.36,2006-01-01
Melaka,56.435,2006-01-01
Negeri Sembilan,45.540000000000006,2006-01-01
Pahang,44.02,2006-01-01
Perak,44.768,2006-01-01
Perlis,58.19,2006-01-01
Pulau Pinang,47.06,2006-01-01
Sabah,42.7375,2006-01-01
Sarawak,33.75,2006-01-01
Selangor,52.154,2006-01-01
Terengganu,42.68333333333334,2006-01-01
Wilayah Persekutuan,38.26333333333333,2006-01-01
Johor,39.962500000000006,2006-02-01
Kedah,39.45666666666667,2006-02-01
Kelantan,36.06,2006-02-01
Melaka,50.225,2006-02-01
Negeri Sembilan,38.09,2006-02-01
Pahang,41.34,2006-02-01
Perak,42.412,2006-02-01
Perlis,56.27,2006-02-01
Pulau Pinang,42.31666666666666,2006-02-01
Sabah,43.4625,2006-02-01
Sarawak,35.301,2006-02-01
Selangor,50.458000000000006,2006-02-01
Terengganu,43.26333333333333,2006-02-01
Wilayah Persekutuan,35.026666666666664,2006-02-01
Johor,50.915,2006-03-01
Kedah,46.46333333333333,2006-03-01
Kelantan,40.515,2006-03-01
Melaka,58.56999999999999,2006-03-01
Negeri Sembilan,54.99,2006-03-01
Pahang,46.84333333333333,2006-03-01
Perak,49.018,2006-03-01
Perlis,58.87,2006-03-01
Pulau Pinang,46.85,2006-03-01
Sabah,44.895,2006-03-01
Sarawak,40.276,2006-03-01
Selangor,59.374,2006-03-01
Terengganu,41.26,2006-03-01
Wilayah Persekutuan,45.423333333333325,2006-03-01
Johor,48.345,2006-04-01
Kedah,42.31333333333333,2006-04-01
Kelantan,36.5,2006-04-01
Melaka,54.285,2006-04-01
Negeri Sembilan,49.05,2006-04-01
Pahang,43.39000000000001,2006-04-01
Perak,44.274,2006-04-01
Perlis,53.38,2006-04-01
Pulau Pinang,40.82,2006-04-01
Sabah,43.3925,2006-04-01
Sarawak,35.1,2006-04-01
Selangor,51.326,2006-04-01
Terengganu,37.41666666666666,2006-04-01
Wilayah Persekutuan,40.57333333333333,2006-04-01
Johor,51.3175,2006-05-01
Kedah,40.71,2006-05-01
Kelantan,32.275,2006-05-01
Melaka,53.495,2006-05-01
Negeri Sembilan,50.995,2006-05-01
Pahang,40.84,2006-05-01
Perak,43.426,2006-05-01
Perlis,28.68,2006-05-01
Pulau Pinang,42.336666666666666,2006-05-01
Sabah,41.945,2006-05-01
Sarawak,34.113,2006-05-01
Selangor,49.314,2006-05-01
Terengganu,40.333333333333336,2006-05-01
Wilayah Persekutuan,39.89333333333334,2006-05-01
Johor,50.9825,2006-06-01
Kedah,41.03,2006-06-01
Kelantan,33.025,2006-06-01
Melaka,49.975,2006-06-01
Negeri Sembilan,51.325,2006-06-01
Pahang,41.78,2006-06-01
Perak,43.946,2006-06-01
Perlis,27.36,2006-06-01
Pulau Pinang,43.56666666666666,2006-06-01
Sabah,35.805,2006-06-01
Sarawak,32.647,2006-06-01
Selangor,53.556,2006-06-01
Terengganu,42.75333333333333,2006-06-01
Wilayah Persekutuan,40.49,2006-06-01
Johor,52.715,2006-07-01
Kedah,52.18333333333334,2006-07-01
Kelantan,38.585,2006-07-01
Melaka,52.805,2006-07-01
Negeri Sembilan,55.945,2006-07-01
Pahang,49.10333333333333,2006-07-01
Perak,59.608,2006-07-01
Perlis,41.98,2006-07-01
Pulau Pinang,56.79333333333333,2006-07-01
Sabah,44.445,2006-07-01
Sarawak,40.991,2006-07-01
Selangor,63.028,2006-07-01
Terengganu,47.85999999999999,2006-07-01
Wilayah Persekutuan,49.82,2006-07-01
Johor,59.5425,2006-08-01
Kedah,44.61333333333334,2006-08-01
Kelantan,39.84,2006-08-01
Melaka,61.255,2006-08-01
Negeri Sembilan,60.655,2006-08-01
Pahang,53.583333333333336,2006-08-01
Perak,52.474,2006-08-01
Perlis,32.61,2006-08-01
Pulau Pinang,45.49666666666667,2006-08-01
Sabah,47.1025,2006-08-01
Sarawak,59.395,2006-08-01
Selangor,61.286,2006-08-01
Terengganu,49.42333333333334,2006-08-01
Wilayah Persekutuan,54.17666666666667,2006-08-01
Johor,55.885000000000005,2006-09-01
Kedah,39.28,2006-09-01
Kelantan,37.925,2006-09-01
Melaka,56.445,2006-09-01
Negeri Sembilan,56.995000000000005,2006-09-01
Pahang,50.79,2006-09-01
Perak,47.326,2006-09-01
Perlis,28.6,2006-09-01
Pulau Pinang,43.47666666666667,2006-09-01
Sabah,46.365,2006-09-01
Sarawak,50.239,2006-09-01
Selangor,54.242,2006-09-01
Terengganu,43.31,2006-09-01
Wilayah Persekutuan,48.70666666666667,2006-09-01
Johor,77.5375,2006-10-01
Kedah,42.19,2006-10-01
Kelantan,47.725,2006-10-01
Melaka,77.69999999999999,2006-10-01
Negeri Sembilan,77.91,2006-10-01
Pahang,60.26,2006-10-01
Perak,58.0,2006-10-01
Perlis,34.47,2006-10-01
Pulau Pinang,50.31333333333333,2006-10-01
Sabah,57.05,2006-10-01
Sarawak,67.874,2006-10-01
Selangor,70.11,2006-10-01
Terengganu,49.39666666666667,2006-10-01
Wilayah Persekutuan,61.96,2006-10-01
Johor,45.4075,2006-11-01
Kedah,36.830000000000005,2006-11-01
Kelantan,41.75,2006-11-01
Melaka,45.135000000000005,2006-11-01
Negeri Sembilan,41.9,2006-11-01
Pahang,41.09333333333333,2006-11-01
Perak,41.332,2006-11-01
Perlis,36.1,2006-11-01
Pulau Pinang,43.00666666666666,2006-11-01
Sabah,43.8,2006-11-01
Sarawak,37.911,2006-11-01
Selangor,44.458000000000006,2006-11-01
Terengganu,29.776666666666667,2006-11-01
Wilayah Persekutuan,38.080000000000005,2006-11-01
Johor,39.8925,2006-12-01
Kedah,40.85333333333333,2006-12-01
Kelantan,46.765,2006-12-01
Melaka,45.95,2006-12-01
Negeri Sembilan,39.565,2006-12-01
Pahang,39.903333333333336,2006-12-01
Perak,44.41,2006-12-01
Perlis,43.21,2006-12-01
Pulau Pinang,42.946666666666665,2006-12-01
Sabah,39.2675,2006-12-01
Sarawak,28.866,2006-12-01
Selangor,44.738,2006-12-01
Terengganu,38.85666666666666,2006-12-01
Wilayah Persekutuan,35.10333333333333,2006-12-01
Johor,41.3325,2007-01-01
Kedah,43.88,2007-01-01
Kelantan,46.9,2007-01-01
Melaka,45.95,2007-01-01
Negeri Sembilan,36.27,2007-01-01
Pahang,38.24,2007-01-01
Perak,45.056,2007-01-01
Perlis,43.15,2007-01-01
Pulau Pinang,41.84333333333333,2007-01-01
Sabah,39.51,2007-01-01
Sarawak,30.643,2007-01-01
Selangor,42.970000000000006,2007-01-01
Terengganu,39.48666666666667,2007-01-01
Wilayah Persekutuan,36.24333333333333,2007-01-01
Johor,46.9425,2007-02-01
Kedah,45.03333333333333,2007-02-01
Kelantan,45.85,2007-02-01
Melaka,48.53,2007-02-01
Negeri Sembilan,43.0,2007-02-01
Pahang,39.33,2007-02-01
Perak,50.282,2007-02-01
Perlis,41.77,2007-02-01
Pulau Pinang,46.45333333333334,2007-02-01
Sabah,44.6875,2007-02-01
Sarawak,33.486000000000004,2007-02-01
Selangor,51.036,2007-02-01
Terengganu,40.04,2007-02-01
Wilayah Persekutuan,39.07,2007-02-01
Johor,50.1075,2007-03-01
Kedah,44.57,2007-03-01
Kelantan,46.46,2007-03-01
Melaka,52.66,2007-03-01
Negeri Sembilan,53.965,2007-03-01
Pahang,38.84666666666666,2007-03-01
Perak,48.798,2007-03-01
Perlis,39.98,2007-03-01
Pulau Pinang,49.28333333333333,2007-03-01
Sabah,45.2725,2007-03-01
Sarawak,37.402,2007-03-01
Selangor,47.654,2007-03-01
Terengganu,38.20666666666666,2007-03-01
Wilayah Persekutuan,45.403333333333336,2007-03-01
Johor,48.7375,2007-04-01
Kedah,38.03666666666667,2007-04-01
Kelantan,43.94,2007-04-01
Melaka,48.785,2007-04-01
Negeri Sembilan,44.75,2007-04-01
Pahang,38.39666666666667,2007-04-01
Perak,44.748000000000005,2007-04-01
Perlis,35.75,2007-04-01
Pulau Pinang,43.43000000000001,2007-04-01
Sabah,43.36,2007-04-01
Sarawak,34.758,2007-04-01
Selangor,44.42,2007-04-01
Terengganu,34.25666666666667,2007-04-01
Wilayah Persekutuan,38.63333333333333,2007-04-01
Johor,47.6575,2007-05-01
Kedah,40.43666666666667,2007-05-01
Kelantan,40.11,2007-05-01
Melaka,42.665000000000006,2007-05-01
Negeri Sembilan,47.72,2007-05-01
Pahang,38.306666666666665,2007-05-01
Perak,46.002,2007-05-01
Perlis,34.24,2007-05-01
Pulau Pinang,43.00666666666667,2007-05-01
Sabah,38.71,2007-05-01
Sarawak,32.423,2007-05-01
Selangor,41.694,2007-05-01
Terengganu,35.96666666666667,2007-05-01
Wilayah Persekutuan,38.35333333333333,2007-05-01
Johor,52.6575,2007-06-01
Kedah,38.81333333333333,2007-06-01
Kelantan,44.540000000000006,2007-06-01
Melaka,46.27,2007-06-01
Negeri Sembilan,51.32,2007-06-01
Pahang,41.99666666666666,2007-06-01
Perak,44.188,2007-06-01
Perlis,33.53,2007-06-01
Pulau Pinang,42.91333333333333,2007-06-01
Sabah,38.9175,2007-06-01
Sarawak,32.961,2007-06-01
Selangor,46.944,2007-06-01
Terengganu,37.54666666666667,2007-06-01
Wilayah Persekutuan,39.123333333333335,2007-06-01
Johor,51.0575,2007-07-01
Kedah,42.16,2007-07-01
Kelantan,44.745000000000005,2007-07-01
Melaka,45.73,2007-07-01
Negeri Sembilan,52.88,2007-07-01
Pahang,45.92666666666667,2007-07-01
Perak,50.958000000000006,2007-07-01
Perlis,39.85,2007-07-01
Pulau Pinang,46.94333333333333,2007-07-01
Sabah,42.03,2007-07-01
Sarawak,39.09,2007-07-01
Selangor,50.91,2007-07-01
Terengganu,40.16,2007-07-01
Wilayah Persekutuan,41.72,2007-07-01
Johor,53.4125,2007-08-01
Kedah,41.67333333333333,2007-08-01
Kelantan,41.535,2007-08-01
Melaka,46.495000000000005,2007-08-01
Negeri Sembilan,53.745,2007-08-01
Pahang,47.15,2007-08-01
Perak,45.934000000000005,2007-08-01
Perlis,38.0,2007-08-01
Pulau Pinang,46.330000000000005,2007-08-01
Sabah,44.425,2007-08-01
Sarawak,41.909000000000006,2007-08-01
Selangor,49.972,2007-08-01
Terengganu,41.16,2007-08-01
Wilayah Persekutuan,42.42333333333334,2007-08-01
Johor,50.015,2007-09-01
Kedah,38.75333333333334,2007-09-01
Kelantan,37.415000000000006,2007-09-01
Melaka,43.655,2007-09-01
Negeri Sembilan,50.38,2007-09-01
Pahang,44.84666666666667,2007-09-01
Perak,43.432,2007-09-01
Perlis,36.29,2007-09-01
Pulau Pinang,42.0,2007-09-01
Sabah,45.655,2007-09-01
Sarawak,40.45,2007-09-01
Selangor,45.708,2007-09-01
Terengganu,38.906666666666666,2007-09-01
Wilayah Persekutuan,41.85666666666667,2007-09-01
Johor,48.915,2007-10-01
Kedah,31.14,2007-10-01
Kelantan,39.55,2007-10-01
Melaka,43.655,2007-10-01
Negeri Sembilan,48.875,2007-10-01
Pahang,36.56666666666667,2007-10-01
Perak,36.44,2007-10-01
Perlis,31.5,2007-10-01
Pulau Pinang,38.19,2007-10-01
Sabah,41.89,2007-10-01
Sarawak,40.919,2007-10-01
Selangor,43.502,2007-10-01
Terengganu,35.79333333333334,2007-10-01
Wilayah Persekutuan,37.92333333333334,2007-10-01
Johor,45.27,2007-11-01
Kedah,37.02666666666666,2007-11-01
Kelantan,40.145,2007-11-01
Melaka,46.16,2007-11-01
Negeri Sembilan,51.18000000000001,2007-11-01
Pahang,39.8,2007-11-01
Perak,39.522000000000006,2007-11-01
Perlis,41.57,2007-11-01
Pulau Pinang,41.99,2007-11-01
Sabah,40.0275,2007-11-01
Sarawak,38.267,2007-11-01
Selangor,44.03,2007-11-01
Terengganu,36.556666666666665,2007-11-01
Wilayah Persekutuan,37.00666666666667,2007-11-01
Johor,39.5325,2007-12-01
Kedah,31.82333333333333,2007-12-01
Kelantan,47.64,2007-12-01
Melaka,40.795,2007-12-01
Negeri Sembilan,42.4,2007-12-01
Pahang,37.95666666666667,2007-12-01
Perak,39.096,2007-12-01
Perlis,40.34,2007-12-01
Pulau Pinang,37.28333333333333,2007-12-01
Sabah,37.587500000000006,2007-12-01
Sarawak,33.253,2007-12-01
Selangor,45.026,2007-12-01
Terengganu,41.580000000000005,2007-12-01
Wilayah Persekutuan,33.10666666666666,2007-12-01
Johor,39.91,2008-01-01
Kedah,37.78,2008-01-01
Kelantan,47.625,2008-01-01
Melaka,42.515,2008-01-01
Negeri Sembilan,42.03333333333333,2008-01-01
Pahang,39.63333333333333,2008-01-01
Perak,40.428,2008-01-01
Perlis,41.56,2008-01-01
Pulau Pinang,40.86,2008-01-01
Sabah,38.7025,2008-01-01
Sarawak,34.731,2008-01-01
Selangor,47.29600000000001,2008-01-01
Terengganu,43.973333333333336,2008-01-01
Wilayah Persekutuan,36.376666666666665,2008-01-01
Johor,44.76,2008-02-01
Kedah,43.27333333333333,2008-02-01
Kelantan,50.18,2008-02-01
Melaka,49.225,2008-02-01
Negeri Sembilan,50.13666666666666,2008-02-01
Pahang,48.35,2008-02-01
Perak,48.154,2008-02-01
Perlis,45.57,2008-02-01
Pulau Pinang,46.54,2008-02-01
Sabah,38.01,2008-02-01
Sarawak,37.227,2008-02-01
Selangor,57.188,2008-02-01
Terengganu,46.46666666666667,2008-02-01
Wilayah Persekutuan,43.84666666666666,2008-02-01
Johor,39.6225,2008-03-01
Kedah,35.013333333333335,2008-03-01
Kelantan,45.245000000000005,2008-03-01
Melaka,42.545,2008-03-01
Negeri Sembilan,39.13666666666666,2008-03-01
Pahang,46.39333333333334,2008-03-01
Perak,40.814,2008-03-01
Perlis,35.24,2008-03-01
Pulau Pinang,38.3,2008-03-01
Sabah,35.77,2008-03-01
Sarawak,31.992,2008-03-01
Selangor,45.21,2008-03-01
Terengganu,40.66333333333333,2008-03-01
Wilayah Persekutuan,35.32666666666666,2008-03-01
Johor,47.445,2008-04-01
Kedah,34.29666666666667,2008-04-01
Kelantan,42.12,2008-04-01
Melaka,45.825,2008-04-01
Negeri Sembilan,44.51666666666667,2008-04-01
Pahang,43.95333333333334,2008-04-01
Perak,44.104,2008-04-01
Perlis,35.17,2008-04-01
Pulau Pinang,37.92,2008-04-01
Sabah,37.105,2008-04-01
Sarawak,33.979,2008-04-01
Selangor,46.502,2008-04-01
Terengganu,39.47666666666667,2008-04-01
Wilayah Persekutuan,39.27,2008-04-01
Johor,51.7275,2008-05-01
Kedah,37.62,2008-05-01
Kelantan,42.025,2008-05-01
Melaka,49.21,2008-05-01
Negeri Sembilan,50.203333333333326,2008-05-01
Pahang,47.57666666666666,2008-05-01
Perak,49.284000000000006,2008-05-01
Perlis,31.52,2008-05-01
Pulau Pinang,43.97666666666667,2008-05-01
Sabah,38.285,2008-05-01
Sarawak,40.244,2008-05-01
Selangor,56.586,2008-05-01
Terengganu,47.28333333333333,2008-05-01
Wilayah Persekutuan,45.79999999999999,2008-05-01
Johor,46.705,2008-06-01
Kedah,38.17333333333334,2008-06-01
Kelantan,39.24,2008-06-01
Melaka,43.835,2008-06-01
Negeri Sembilan,45.07333333333333,2008-06-01
Pahang,46.79666666666666,2008-06-01
Perak,44.976,2008-06-01
Perlis,31.52,2008-06-01
Pulau Pinang,41.406666666666666,2008-06-01
Sabah,34.675,2008-06-01
Sarawak,34.636,2008-06-01
Selangor,50.258,2008-06-01
Terengganu,42.403333333333336,2008-06-01
Wilayah Persekutuan,41.24,2008-06-01
Johor,47.3675,2008-07-01
Kedah,41.330000000000005,2008-07-01
Kelantan,38.375,2008-07-01
Melaka,43.185,2008-07-01
Negeri Sembilan,45.68333333333334,2008-07-01
Pahang,44.29666666666666,2008-07-01
Perak,44.684000000000005,2008-07-01
Perlis,34.68,2008-07-01
Pulau Pinang,45.73333333333333,2008-07-01
Sabah,33.230000000000004,2008-07-01
Sarawak,32.107,2008-07-01
Selangor,50.092,2008-07-01
Terengganu,38.76,2008-07-01
Wilayah Persekutuan,38.48666666666667,2008-07-01
Johor,49.65,2008-08-01
Kedah,47.84,2008-08-01
Kelantan,43.535,2008-08-01
Melaka,46.975,2008-08-01
Negeri Sembilan,49.86000000000001,2008-08-01
Pahang,44.66333333333333,2008-08-01
Perak,51.604,2008-08-01
Perlis,43.21,2008-08-01
Pulau Pinang,51.54333333333333,2008-08-01
Sabah,36.76,2008-08-01
Sarawak,38.299,2008-08-01
Selangor,54.632000000000005,2008-08-01
Terengganu,40.78333333333333,2008-08-01
Wilayah Persekutuan,43.53,2008-08-01
Johor,46.18,2008-09-01
Kedah,36.10666666666666,2008-09-01
Kelantan,41.27,2008-09-01
Melaka,41.665,2008-09-01
Negeri Sembilan,45.57,2008-09-01
Pahang,45.873333333333335,2008-09-01
Perak,41.378,2008-09-01
Perlis,29.49,2008-09-01
Pulau Pinang,39.81333333333333,2008-09-01
Sabah,35.1425,2008-09-01
Sarawak,38.079,2008-09-01
Selangor,47.326,2008-09-01
Terengganu,43.91333333333333,2008-09-01
Wilayah Persekutuan,38.92,2008-09-01
Johor,47.865,2008-10-01
Kedah,30.55333333333333,2008-10-01
Kelantan,39.15,2008-10-01
Melaka,39.33,2008-10-01
Negeri Sembilan,40.85666666666666,2008-10-01
Pahang,41.47666666666667,2008-10-01
Perak,33.69,2008-10-01
Perlis,27.26,2008-10-01
Pulau Pinang,33.96666666666667,2008-10-01
Sabah,33.0075,2008-10-01
Sarawak,30.861,2008-10-01
Selangor,39.874,2008-10-01
Terengganu,40.76333333333333,2008-10-01
Wilayah Persekutuan,33.86333333333334,2008-10-01
Johor,45.335,2008-11-01
Kedah,34.31,2008-11-01
Kelantan,36.815,2008-11-01
Melaka,39.145,2008-11-01
Negeri Sembilan,39.830000000000005,2008-11-01
Pahang,40.91666666666666,2008-11-01
Perak,37.728,2008-11-01
Perlis,34.12,2008-11-01
Pulau Pinang,38.94,2008-11-01
Sabah,33.287499999999994,2008-11-01
Sarawak,31.135,2008-11-01
Selangor,41.536,2008-11-01
Terengganu,33.86666666666667,2008-11-01
Wilayah Persekutuan,34.81,2008-11-01
Johor,42.055,2008-12-01
Kedah,32.919999999999995,2008-12-01
Kelantan,40.29,2008-12-01
Melaka,43.01,2008-12-01
Negeri Sembilan,39.56333333333333,2008-12-01
Pahang,43.656666666666666,2008-12-01
Perak,38.646,2008-12-01
Perlis,37.0,2008-12-01
Pulau Pinang,36.65333333333333,2008-12-01
Sabah,34.5275,2008-12-01
Sarawak,29.428,2008-12-01
Selangor,42.212,2008-12-01
Terengganu,38.22,2008-12-01
Wilayah Persekutuan,37.61333333333334,2008-12-01
Johor,43.79,2009-01-01
Kedah,40.29,2009-01-01
Kelantan,51.82,2009-01-01
Melaka,46.395,2009-01-01
Negeri Sembilan,39.516666666666666,2009-01-01
Pahang,49.88,2009-01-01
Perak,41.45,2009-01-01
Perlis,43.4,2009-01-01
Pulau Pinang,43.5,2009-01-01
Sabah,32.42,2009-01-01
Sarawak,29.342,2009-01-01
Selangor,47.994,2009-01-01
Terengganu,47.26333333333333,2009-01-01
Wilayah Persekutuan,38.89333333333334,2009-01-01
Johor,46.1775,2009-02-01
Kedah,46.45666666666667,2009-02-01
Kelantan,56.235,2009-02-01
Melaka,52.03,2009-02-01
Negeri Sembilan,47.0,2009-02-01
Pahang,49.970000000000006,2009-02-01
Perak,46.674,2009-02-01
Perlis,47.98,2009-02-01
Pulau Pinang,51.04333333333333,2009-02-01
Sabah,34.8475,2009-02-01
Sarawak,35.708,2009-02-01
Selangor,52.00599999999999,2009-02-01
Terengganu,43.43666666666667,2009-02-01
Wilayah Persekutuan,48.557500000000005,2009-02-01
Johor,40.2025,2009-03-01
Kedah,31.60333333333333,2009-03-01
Kelantan,42.1,2009-03-01
Melaka,44.485,2009-03-01
Negeri Sembilan,40.36333333333334,2009-03-01
Pahang,46.04,2009-03-01
Perak,37.796,2009-03-01
Perlis,35.62,2009-03-01
Pulau Pinang,37.82,2009-03-01
Sabah,35.4725,2009-03-01
Sarawak,29.383,2009-03-01
Selangor,41.764,2009-03-01
Terengganu,33.42333333333333,2009-03-01
Wilayah Persekutuan,41.97,2009-03-01
Johor,45.605,2009-04-01
Kedah,31.95,2009-04-01
Kelantan,44.67,2009-04-01
Melaka,46.485,2009-04-01
Negeri Sembilan,42.57,2009-04-01
Pahang,48.366666666666674,2009-04-01
Perak,38.17,2009-04-01
Perlis,34.71,2009-04-01
Pulau Pinang,33.74,2009-04-01
Sabah,37.625,2009-04-01
Sarawak,31.654000000000003,2009-04-01
Selangor,43.326,2009-04-01
Terengganu,39.56666666666667,2009-04-01
Wilayah Persekutuan,41.2875,2009-04-01
Johor,50.6375,2009-05-01
Kedah,35.916666666666664,2009-05-01
Kelantan,44.425,2009-05-01
Melaka,48.96,2009-05-01
Negeri Sembilan,49.29,2009-05-01
Pahang,41.34666666666666,2009-05-01
Perak,41.324,2009-05-01
Perlis,33.68,2009-05-01
Pulau Pinang,38.10999999999999,2009-05-01
Sabah,33.1725,2009-05-01
Sarawak,35.875,2009-05-01
Selangor,48.856,2009-05-01
Terengganu,38.13,2009-05-01
Wilayah Persekutuan,45.0925,2009-05-01
Johor,50.255,2009-06-01
Kedah,46.25333333333333,2009-06-01
Kelantan,50.79,2009-06-01
Melaka,55.375,2009-06-01
Negeri Sembilan,56.623333333333335,2009-06-01
Pahang,47.26333333333333,2009-06-01
Perak,55.152,2009-06-01
Perlis,35.53,2009-06-01
Pulau Pinang,48.21333333333333,2009-06-01
Sabah,35.4625,2009-06-01
Sarawak,39.87,2009-06-01
Selangor,63.45399999999999,2009-06-01
Terengganu,45.51,2009-06-01
Wilayah Persekutuan,54.455,2009-06-01
Johor,57.75,2009-07-01
Kedah,46.96,2009-07-01
Kelantan,49.620000000000005,2009-07-01
Melaka,55.645,2009-07-01
Negeri Sembilan,56.72333333333333,2009-07-01
Pahang,51.34666666666666,2009-07-01
Perak,56.236,2009-07-01
Perlis,37.62,2009-07-01
Pulau Pinang,49.30666666666667,2009-07-01
Sabah,38.4275,2009-07-01
Sarawak,41.371,2009-07-01
Selangor,65.74600000000001,2009-07-01
Terengganu,47.23,2009-07-01
Wilayah Persekutuan,55.295,2009-07-01
Johor,52.89,2009-08-01
Kedah,35.25333333333334,2009-08-01
Kelantan,43.8,2009-08-01
Melaka,53.425,2009-08-01
Negeri Sembilan,53.68666666666667,2009-08-01
Pahang,45.97666666666667,2009-08-01
Perak,42.13,2009-08-01
Perlis,31.7,2009-08-01
Pulau Pinang,33.61333333333334,2009-08-01
Sabah,43.78,2009-08-01
Sarawak,58.129,2009-08-01
Selangor,55.29600000000001,2009-08-01
Terengganu,41.59666666666666,2009-08-01
Wilayah Persekutuan,49.5125,2009-08-01
Johor,55.975,2009-09-01
Kedah,30.266666666666666,2009-09-01
Kelantan,40.760000000000005,2009-09-01
Melaka,47.81,2009-09-01
Negeri Sembilan,48.91,2009-09-01
Pahang,42.91666666666666,2009-09-01
Perak,40.432,2009-09-01
Perlis,29.38,2009-09-01
Pulau Pinang,31.116666666666664,2009-09-01
Sabah,45.4675,2009-09-01
Sarawak,57.288,2009-09-01
Selangor,48.942,2009-09-01
Terengganu,41.13666666666666,2009-09-01
Wilayah Persekutuan,45.495,2009-09-01
Johor,51.5775,2009-10-01
Kedah,27.80333333333333,2009-10-01
Kelantan,39.095,2009-10-01
Melaka,43.515,2009-10-01
Negeri Sembilan,49.26666666666667,2009-10-01
Pahang,39.25333333333333,2009-10-01
Perak,35.872,2009-10-01
Perlis,28.39,2009-10-01
Pulau Pinang,34.553333333333335,2009-10-01
Sabah,33.72,2009-10-01
Sarawak,35.0,2009-10-01
Selangor,47.2,2009-10-01
Terengganu,34.39666666666667,2009-10-01
Wilayah Persekutuan,40.605,2009-10-01
Johor,39.6875,2009-11-01
Kedah,27.856666666666666,2009-11-01
Kelantan,40.185,2009-11-01
Melaka,37.305,2009-11-01
Negeri Sembilan,39.78666666666667,2009-11-01
Pahang,32.25,2009-11-01
Perak,33.508,2009-11-01
Perlis,32.51,2009-11-01
Pulau Pinang,32.99333333333333,2009-11-01
Sabah,30.895,2009-11-01
Sarawak,29.962,2009-11-01
Selangor,37.698,2009-11-01
Terengganu,29.50666666666667,2009-11-01
Wilayah Persekutuan,32.0475,2009-11-01
Johor,37.66,2009-12-01
Kedah,34.236666666666665,2009-12-01
Kelantan,48.405,2009-12-01
Melaka,42.46,2009-12-01
Negeri Sembilan,37.98666666666667,2009-12-01
Pahang,37.34333333333333,2009-12-01
Perak,37.146,2009-12-01
Perlis,42.33,2009-12-01
Pulau Pinang,35.766666666666666,2009-12-01
Sabah,33.44,2009-12-01
Sarawak,27.108,2009-12-01
Selangor,44.236,2009-12-01
Terengganu,41.97,2009-12-01
Wilayah Persekutuan,33.432500000000005,2009-12-01
Johor,38.5375,2010-01-01
Kedah,38.553333333333335,2010-01-01
Kelantan,51.035,2010-01-01
Melaka,44.04,2010-01-01
Negeri Sembilan,40.56666666666667,2010-01-01
Pahang,39.193333333333335,2010-01-01
Perak,40.916,2010-01-01
Perlis,42.36,2010-01-01
Pulau Pinang,40.903333333333336,2010-01-01
Sabah,33.505,2010-01-01
Sarawak,28.041,2010-01-01
Selangor,47.596,2010-01-01
Terengganu,40.73,2010-01-01
Wilayah Persekutuan,37.55,2010-01-01
Johor,41.2875,2010-02-01
Kedah,38.67666666666667,2010-02-01
Kelantan,51.14,2010-02-01
Melaka,43.755,2010-02-01
Negeri Sembilan,45.00333333333333,2010-02-01
Pahang,40.38666666666666,2010-02-01
Perak,41.536,2010-02-01
Perlis,36.6,2010-02-01
Pulau Pinang,39.266666666666666,2010-02-01
Sabah,38.8025,2010-02-01
Sarawak,33.571,2010-02-01
Selangor,53.4,2010-02-01
Terengganu,39.02,2010-02-01
Wilayah Persekutuan,46.6125,2010-02-01
Johor,45.4975,2010-03-01
Kedah,37.89333333333334,2010-03-01
Kelantan,50.31,2010-03-01
Melaka,49.07,2010-03-01
Negeri Sembilan,49.61666666666667,2010-03-01
Pahang,45.46,2010-03-01
Perak,40.738,2010-03-01
Perlis,38.74,2010-03-01
Pulau Pinang,40.5,2010-03-01
Sabah,41.8475,2010-03-01
Sarawak,36.934,2010-03-01
Selangor,49.464,2010-03-01
Terengganu,39.03,2010-03-01
Wilayah Persekutuan,47.24,2010-03-01
Johor,41.057500000000005,2010-04-01
Kedah,34.23333333333333,2010-04-01
Kelantan,49.73,2010-04-01
Melaka,42.775,2010-04-01
Negeri Sembilan,45.85666666666666,2010-04-01
Pahang,39.92666666666667,2010-04-01
Perak,38.656,2010-04-01
Perlis,46.81,2010-04-01
Pulau Pinang,40.84333333333333,2010-04-01
Sabah,36.2625,2010-04-01
Sarawak,32.370999999999995,2010-04-01
Selangor,44.1475,2010-04-01
Terengganu,37.196666666666665,2010-04-01
Wilayah Persekutuan,43.0775,2010-04-01
Johor,42.885,2010-05-01
Kedah,35.75333333333334,2010-05-01
Kelantan,47.845,2010-05-01
Melaka,45.89,2010-05-01
Negeri Sembilan,46.79666666666666,2010-05-01
Pahang,40.74333333333333,2010-05-01
Perak,40.616,2010-05-01
Perlis,36.76,2010-05-01
Pulau Pinang,39.88,2010-05-01
Sabah,29.2625,2010-05-01
Sarawak,28.452,2010-05-01
Selangor,48.326,2010-05-01
Terengganu,42.78,2010-05-01
Wilayah Persekutuan,44.2375,2010-05-01
Johor,45.8775,2010-06-01
Kedah,32.79,2010-06-01
Kelantan,42.695,2010-06-01
Melaka,40.295,2010-06-01
Negeri Sembilan,45.25,2010-06-01
Pahang,43.63333333333333,2010-06-01
Perak,35.504,2010-06-01
Perlis,30.51,2010-06-01
Pulau Pinang,40.24333333333333,2010-06-01
Sabah,30.3525,2010-06-01
Sarawak,29.134,2010-06-01
Selangor,44.072,2010-06-01
Terengganu,38.20666666666667,2010-06-01
Wilayah Persekutuan,44.745,2010-06-01
Johor,46.9875,2010-07-01
Kedah,31.25333333333333,2010-07-01
Kelantan,41.505,2010-07-01
Melaka,38.74,2010-07-01
Negeri Sembilan,46.97,2010-07-01
Pahang,46.22666666666667,2010-07-01
Perak,36.968,2010-07-01
Perlis,33.56,2010-07-01
Pulau Pinang,38.946666666666665,2010-07-01
Sabah,31.1825,2010-07-01
Sarawak,28.319,2010-07-01
Selangor,45.69199999999999,2010-07-01
Terengganu,36.64,2010-07-01
Wilayah Persekutuan,43.7775,2010-07-01
Johor,42.3725,2010-08-01
Kedah,37.01,2010-08-01
Kelantan,42.615,2010-08-01
Melaka,39.52,2010-08-01
Negeri Sembilan,45.99333333333334,2010-08-01
Pahang,45.78,2010-08-01
Perak,41.616,2010-08-01
Perlis,38.61,2010-08-01
Pulau Pinang,42.35333333333333,2010-08-01
Sabah,31.295,2010-08-01
Sarawak,31.584,2010-08-01
Selangor,45.694,2010-08-01
Terengganu,39.81333333333333,2010-08-01
Wilayah Persekutuan,43.2,2010-08-01
Johor,46.2725,2010-09-01
Kedah,27.63333333333333,2010-09-01
Kelantan,42.32,2010-09-01
Melaka,43.465,2010-09-01
Negeri Sembilan,48.03,2010-09-01
Pahang,38.11666666666667,2010-09-01
Perak,35.698,2010-09-01
Perlis,34.28,2010-09-01
Pulau Pinang,37.00666666666667,2010-09-01
Sabah,32.4225,2010-09-01
Sarawak,29.062,2010-09-01
Selangor,45.96,2010-09-01
Terengganu,36.86333333333334,2010-09-01
Wilayah Persekutuan,43.0425,2010-09-01
Johor,59.2175,2010-10-01
Kedah,33.660000000000004,2010-10-01
Kelantan,48.16,2010-10-01
Melaka,50.84,2010-10-01
Negeri Sembilan,52.376666666666665,2010-10-01
Pahang,44.056666666666665,2010-10-01
Perak,38.55,2010-10-01
Perlis,34.64,2010-10-01
Pulau Pinang,37.703333333333326,2010-10-01
Sabah,34.167500000000004,2010-10-01
Sarawak,32.689,2010-10-01
Selangor,48.462,2010-10-01
Terengganu,42.75333333333333,2010-10-01
Wilayah Persekutuan,44.4425,2010-10-01
Johor,44.5625,2010-11-01
Kedah,28.33666666666667,2010-11-01
Kelantan,40.03,2010-11-01
Melaka,39.55,2010-11-01
Negeri Sembilan,43.803333333333335,2010-11-01
Pahang,40.81,2010-11-01
Perak,32.492000000000004,2010-11-01
Perlis,32.52,2010-11-01
Pulau Pinang,33.196666666666665,2010-11-01
Sabah,30.575,2010-11-01
Sarawak,28.529,2010-11-01
Selangor,40.066,2010-11-01
Terengganu,36.57333333333333,2010-11-01
Wilayah Persekutuan,38.3325,2010-11-01
Johor,37.79,2010-12-01
Kedah,31.106666666666666,2010-12-01
Kelantan,43.425,2010-12-01
Melaka,46.17,2010-12-01
Negeri Sembilan,45.38999999999999,2010-12-01
Pahang,32.23666666666667,2010-12-01
Perak,30.936,2010-12-01
Perlis,35.07,2010-12-01
Pulau Pinang,36.05,2010-12-01
Sabah,31.33,2010-12-01
Sarawak,28.945,2010-12-01
Selangor,41.548,2010-12-01
Terengganu,37.39333333333334,2010-12-01
Wilayah Persekutuan,35.7825,2010-12-01
Johor,39.0175,2011-01-01
Kedah,37.10333333333333,2011-01-01
Kelantan,54.425,2011-01-01
Melaka,45.11,2011-01-01
Negeri Sembilan,43.69,2011-01-01
Pahang,33.53666666666667,2011-01-01
Perak,38.022000000000006,2011-01-01
Perlis,43.82,2011-01-01
Pulau Pinang,42.41,2011-01-01
Sabah,30.0425,2011-01-01
Sarawak,29.749,2011-01-01
Selangor,46.938,2011-01-01
Terengganu,45.35666666666666,2011-01-01
Wilayah Persekutuan,38.465,2011-01-01
Johor,43.2125,2011-02-01
Kedah,42.906666666666666,2011-02-01
Kelantan,58.605,2011-02-01
Melaka,52.725,2011-02-01
Negeri Sembilan,49.97,2011-02-01
Pahang,39.92,2011-02-01
Perak,42.55,2011-02-01
Perlis,48.0,2011-02-01
Pulau Pinang,46.93,2011-02-01
Sabah,33.16,2011-02-01
Sarawak,32.883,2011-02-01
Selangor,55.354,2011-02-01
Terengganu,46.38333333333333,2011-02-01
Wilayah Persekutuan,48.5275,2011-02-01
Johor,40.8325,2011-03-01
Kedah,34.99666666666666,2011-03-01
Kelantan,49.615,2011-03-01
Melaka,44.76,2011-03-01
Negeri Sembilan,46.65,2011-03-01
Pahang,41.193333333333335,2011-03-01
Perak,37.226,2011-03-01
Perlis,39.01,2011-03-01
Pulau Pinang,39.92,2011-03-01
Sabah,30.23,2011-03-01
Sarawak,30.956,2011-03-01
Selangor,47.402,2011-03-01
Terengganu,38.196666666666665,2011-03-01
Wilayah Persekutuan,41.845,2011-03-01
Johor,43.5925,2011-04-01
Kedah,40.19,2011-04-01
Kelantan,52.86,2011-04-01
Melaka,48.67,2011-04-01
Negeri Sembilan,49.406666666666666,2011-04-01
Pahang,43.85999999999999,2011-04-01
Perak,40.292,2011-04-01
Perlis,38.59,2011-04-01
Pulau Pinang,40.16,2011-04-01
Sabah,30.8675,2011-04-01
Sarawak,34.688,2011-04-01
Selangor,50.91,2011-04-01
Terengganu,41.77333333333333,2011-04-01
Wilayah Persekutuan,45.545,2011-04-01
Johor,50.2725,2011-05-01
Kedah,35.03666666666667,2011-05-01
Kelantan,49.34,2011-05-01
Melaka,52.495000000000005,2011-05-01
Negeri Sembilan,52.96666666666667,2011-05-01
Pahang,43.9,2011-05-01
Perak,38.756,2011-05-01
Perlis,32.48,2011-05-01
Pulau Pinang,39.21666666666667,2011-05-01
Sabah,34.82,2011-05-01
Sarawak,35.093,2011-05-01
Selangor,49.70399999999999,2011-05-01
Terengganu,46.156666666666666,2011-05-01
Wilayah Persekutuan,42.28,2011-05-01
Johor,51.5525,2011-06-01
Kedah,39.873333333333335,2011-06-01
Kelantan,48.9,2011-06-01
Melaka,54.265,2011-06-01
Negeri Sembilan,53.47666666666667,2011-06-01
Pahang,47.13666666666666,2011-06-01
Perak,47.598,2011-06-01
Perlis,36.66,2011-06-01
Pulau Pinang,47.17666666666667,2011-06-01
Sabah,35.965,2011-06-01
Sarawak,36.993,2011-06-01
Selangor,56.486,2011-06-01
Terengganu,44.31666666666666,2011-06-01
Wilayah Persekutuan,48.5425,2011-06-01
Johor,49.065,2011-07-01
Kedah,49.27,2011-07-01
Kelantan,56.425,2011-07-01
Melaka,57.95,2011-07-01
Negeri Sembilan,57.00666666666667,2011-07-01
Pahang,52.6,2011-07-01
Perak,58.66799999999999,2011-07-01
Perlis,45.64,2011-07-01
Pulau Pinang,58.68333333333334,2011-07-01
Sabah,38.46,2011-07-01
Sarawak,42.401,2011-07-01
Selangor,61.24400000000001,2011-07-01
Terengganu,48.20666666666667,2011-07-01
Wilayah Persekutuan,53.185,2011-07-01
Johor,52.5625,2011-08-01
Kedah,39.86666666666667,2011-08-01
Kelantan,48.36,2011-08-01
Melaka,57.025000000000006,2011-08-01
Negeri Sembilan,53.38999999999999,2011-08-01
Pahang,47.74,2011-08-01
Perak,42.6,2011-08-01
Perlis,41.1,2011-08-01
Pulau Pinang,46.03333333333333,2011-08-01
Sabah,37.215,2011-08-01
Sarawak,49.604,2011-08-01
Selangor,53.242,2011-08-01
Terengganu,43.15,2011-08-01
Wilayah Persekutuan,46.9025,2011-08-01
Johor,53.215,2011-09-01
Kedah,41.64333333333334,2011-09-01
Kelantan,47.865,2011-09-01
Melaka,56.97,2011-09-01
Negeri Sembilan,55.94,2011-09-01
Pahang,48.17666666666667,2011-09-01
Perak,47.362,2011-09-01
Perlis,39.58,2011-09-01
Pulau Pinang,49.28,2011-09-01
Sabah,35.21,2011-09-01
Sarawak,41.161,2011-09-01
Selangor,55.854,2011-09-01
Terengganu,42.36333333333334,2011-09-01
Wilayah Persekutuan,50.315,2011-09-01
Johor,46.935,2011-10-01
Kedah,30.236666666666668,2011-10-01
Kelantan,44.27,2011-10-01
Melaka,46.615,2011-10-01
Negeri Sembilan,42.48666666666667,2011-10-01
Pahang,33.16,2011-10-01
Perak,33.227999999999994,2011-10-01
Perlis,30.04,2011-10-01
Pulau Pinang,37.1,2011-10-01
Sabah,34.72,2011-10-01
Sarawak,36.062,2011-10-01
Selangor,44.306,2011-10-01
Terengganu,39.93666666666667,2011-10-01
Wilayah Persekutuan,38.98,2011-10-01
Johor,38.4125,2011-11-01
Kedah,31.76333333333333,2011-11-01
Kelantan,43.285,2011-11-01
Melaka,42.315,2011-11-01
Negeri Sembilan,38.68666666666667,2011-11-01
Pahang,32.03666666666667,2011-11-01
Perak,30.888,2011-11-01
Perlis,33.64,2011-11-01
Pulau Pinang,35.64333333333333,2011-11-01
Sabah,31.887500000000003,2011-11-01
Sarawak,32.402,2011-11-01
Selangor,38.678,2011-11-01
Terengganu,32.943333333333335,2011-11-01
Wilayah Persekutuan,33.795,2011-11-01
Johor,37.145,2011-12-01
Kedah,32.093333333333334,2011-12-01
Kelantan,44.055,2011-12-01
Melaka,44.83,2011-12-01
Negeri Sembilan,40.32,2011-12-01
Pahang,36.87,2011-12-01
Perak,33.616,2011-12-01
Perlis,34.86,2011-12-01
Pulau Pinang,33.90333333333333,2011-12-01
Sabah,33.13,2011-12-01
Sarawak,31.973000000000003,2011-12-01
Selangor,43.668,2011-12-01
Terengganu,41.41666666666666,2011-12-01
Wilayah Persekutuan,36.895,2011-12-01
Johor,39.105,2012-01-01
Kedah,30.973333333333333,2012-01-01
Kelantan,44.305,2012-01-01
Melaka,44.74,2012-01-01
Negeri Sembilan,44.03666666666667,2012-01-01
Pahang,32.36333333333334,2012-01-01
Perak,35.776,2012-01-01
Perlis,30.89,2012-01-01
Pulau Pinang,37.32333333333333,2012-01-01
Sabah,34.879999999999995,2012-01-01
Sarawak,30.7,2012-01-01
Selangor,43.722,2012-01-01
Terengganu,41.406666666666666,2012-01-01
Wilayah Persekutuan,38.33,2012-01-01
Johor,38.8975,2012-02-01
Kedah,38.99333333333333,2012-02-01
Kelantan,59.24,2012-02-01
Melaka,46.315,2012-02-01
Negeri Sembilan,44.91333333333333,2012-02-01
Pahang,37.75666666666667,2012-02-01
Perak,40.536,2012-02-01
Perlis,40.17,2012-02-01
Pulau Pinang,41.51,2012-02-01
Sabah,34.95,2012-02-01
Sarawak,30.695,2012-02-01
Selangor,45.936,2012-02-01
Terengganu,45.330000000000005,2012-02-01
Wilayah Persekutuan,38.8825,2012-02-01
Johor,42.22,2012-03-01
Kedah,42.06333333333333,2012-03-01
Kelantan,57.0,2012-03-01
Melaka,50.38,2012-03-01
Negeri Sembilan,51.203333333333326,2012-03-01
Pahang,37.84666666666666,2012-03-01
Perak,39.29,2012-03-01
Perlis,41.53,2012-03-01
Pulau Pinang,40.63666666666666,2012-03-01
Sabah,33.7,2012-03-01
Sarawak,34.022000000000006,2012-03-01
Selangor,44.89,2012-03-01
Terengganu,41.96333333333333,2012-03-01
Wilayah Persekutuan,42.735,2012-03-01
Johor,47.03,2012-04-01
Kedah,32.88,2012-04-01
Kelantan,49.73,2012-04-01
Melaka,43.86,2012-04-01
Negeri Sembilan,47.473333333333336,2012-04-01
Pahang,36.60666666666667,2012-04-01
Perak,37.432,2012-04-01
Perlis,30.12,2012-04-01
Pulau Pinang,33.25,2012-04-01
Sabah,30.7425,2012-04-01
Sarawak,32.695,2012-04-01
Selangor,42.302,2012-04-01
Terengganu,40.95666666666667,2012-04-01
Wilayah Persekutuan,41.505,2012-04-01
Johor,45.9275,2012-05-01
Kedah,35.99666666666667,2012-05-01
Kelantan,49.96,2012-05-01
Melaka,48.465,2012-05-01
Negeri Sembilan,49.873333333333335,2012-05-01
Pahang,39.88333333333333,2012-05-01
Perak,42.136,2012-05-01
Perlis,31.69,2012-05-01
Pulau Pinang,33.99,2012-05-01
Sabah,30.665,2012-05-01
Sarawak,37.269,2012-05-01
Selangor,44.59,2012-05-01
Terengganu,44.91666666666666,2012-05-01
Wilayah Persekutuan,42.56,2012-05-01
Johor,47.9525,2012-06-01
Kedah,55.336666666666666,2012-06-01
Kelantan,61.12,2012-06-01
Melaka,55.505,2012-06-01
Negeri Sembilan,56.1,2012-06-01
Pahang,50.51,2012-06-01
Perak,59.674,2012-06-01
Perlis,46.32,2012-06-01
Pulau Pinang,59.76,2012-06-01
Sabah,36.932500000000005,2012-06-01
Sarawak,44.267,2012-06-01
Selangor,63.724,2012-06-01
Terengganu,53.10666666666666,2012-06-01
Wilayah Persekutuan,55.09,2012-06-01
Johor,47.0825,2012-07-01
Kedah,46.16333333333333,2012-07-01
Kelantan,46.045,2012-07-01
Melaka,53.42,2012-07-01
Negeri Sembilan,47.76,2012-07-01
Pahang,43.79666666666666,2012-07-01
Perak,47.13,2012-07-01
Perlis,37.24,2012-07-01
Pulau Pinang,48.03,2012-07-01
Sabah,30.2725,2012-07-01
Sarawak,34.295,2012-07-01
Selangor,50.17,2012-07-01
Terengganu,48.03333333333333,2012-07-01
Wilayah Persekutuan,43.035,2012-07-01
Johor,51.59,2012-08-01
Kedah,48.24,2012-08-01
Kelantan,47.325,2012-08-01
Melaka,59.945,2012-08-01
Negeri Sembilan,57.70333333333334,2012-08-01
Pahang,46.63666666666666,2012-08-01
Perak,55.26800000000001,2012-08-01
Perlis,36.1,2012-08-01
Pulau Pinang,50.72666666666667,2012-08-01
Sabah,34.93,2012-08-01
Sarawak,46.543,2012-08-01
Selangor,57.69200000000001,2012-08-01
Terengganu,50.22,2012-08-01
Wilayah Persekutuan,51.9425,2012-08-01
Johor,56.6275,2012-09-01
Kedah,38.803333333333335,2012-09-01
Kelantan,41.58,2012-09-01
Melaka,59.075,2012-09-01
Negeri Sembilan,56.39000000000001,2012-09-01
Pahang,46.876666666666665,2012-09-01
Perak,43.276,2012-09-01
Perlis,29.9,2012-09-01
Pulau Pinang,38.806666666666665,2012-09-01
Sabah,38.635,2012-09-01
Sarawak,48.971,2012-09-01
Selangor,50.838,2012-09-01
Terengganu,47.06,2012-09-01
Wilayah Persekutuan,50.52,2012-09-01
Johor,48.8725,2012-10-01
Kedah,34.38,2012-10-01
Kelantan,41.0,2012-10-01
Melaka,48.935,2012-10-01
Negeri Sembilan,48.16666666666666,2012-10-01
Pahang,38.833333333333336,2012-10-01
Perak,37.618,2012-10-01
Perlis,29.04,2012-10-01
Pulau Pinang,33.48,2012-10-01
Sabah,35.9425,2012-10-01
Sarawak,41.133,2012-10-01
Selangor,44.154,2012-10-01
Terengganu,40.766666666666666,2012-10-01
Wilayah Persekutuan,42.185,2012-10-01
Johor,41.4025,2012-11-01
Kedah,33.303333333333335,2012-11-01
Kelantan,43.74,2012-11-01
Melaka,40.44,2012-11-01
Negeri Sembilan,41.156666666666666,2012-11-01
Pahang,33.1,2012-11-01
Perak,33.866,2012-11-01
Perlis,28.34,2012-11-01
Pulau Pinang,31.856666666666666,2012-11-01
Sabah,30.24,2012-11-01
Sarawak,30.328,2012-11-01
Selangor,39.422,2012-11-01
Terengganu,36.47,2012-11-01
Wilayah Persekutuan,36.0425,2012-11-01
Johor,34.1825,2012-12-01
Kedah,33.67333333333333,2012-12-01
Kelantan,39.745,2012-12-01
Melaka,44.275,2012-12-01
Negeri Sembilan,39.50333333333333,2012-12-01
Pahang,32.43666666666667,2012-12-01
Perak,36.662,2012-12-01
Perlis,35.27,2012-12-01
Pulau Pinang,38.016666666666666,2012-12-01
Sabah,33.195,2012-12-01
Sarawak,30.866000000000003,2012-12-01
Selangor,41.816,2012-12-01
Terengganu,37.84333333333333,2012-12-01
Wilayah Persekutuan,38.205,2012-12-01
Johor,37.6225,2013-01-01
Kedah,41.626666666666665,2013-01-01
Kelantan,48.205,2013-01-01
Melaka,51.275,2013-01-01
Negeri Sembilan,43.25,2013-01-01
Pahang,36.833333333333336,2013-01-01
Perak,41.03,2013-01-01
Perlis,46.23,2013-01-01
Pulau Pinang,42.9,2013-01-01
Sabah,33.3325,2013-01-01
Sarawak,36.24,2013-01-01
Selangor,47.006,2013-01-01
Terengganu,43.870000000000005,2013-01-01
Wilayah Persekutuan,43.2,2013-01-01
Johor,30.3925,2013-02-01
Kedah,37.75333333333333,2013-02-01
Kelantan,46.47,2013-02-01
Melaka,41.525000000000006,2013-02-01
Negeri Sembilan,39.1,2013-02-01
Pahang,31.076666666666664,2013-02-01
Perak,36.946,2013-02-01
Perlis,44.36,2013-02-01
Pulau Pinang,40.29666666666666,2013-02-01
Sabah,33.8325,2013-02-01
Sarawak,33.862,2013-02-01
Selangor,41.792,2013-02-01
Terengganu,42.6,2013-02-01
Wilayah Persekutuan,38.4625,2013-02-01
Johor,41.075,2013-03-01
Kedah,44.56,2013-03-01
Kelantan,51.295,2013-03-01
Melaka,54.575,2013-03-01
Negeri Sembilan,51.14666666666667,2013-03-01
Pahang,40.73,2013-03-01
Perak,44.016,2013-03-01
Perlis,44.62,2013-03-01
Pulau Pinang,46.61000000000001,2013-03-01
Sabah,38.76,2013-03-01
Sarawak,39.753,2013-03-01
Selangor,50.14,2013-03-01
Terengganu,45.88333333333333,2013-03-01
Wilayah Persekutuan,44.6575,2013-03-01
Johor,46.55,2013-04-01
Kedah,38.376666666666665,2013-04-01
Kelantan,47.85,2013-04-01
Melaka,54.165000000000006,2013-04-01
Negeri Sembilan,51.973333333333336,2013-04-01
Pahang,34.75666666666667,2013-04-01
Perak,43.734,2013-04-01
Perlis,35.6,2013-04-01
Pulau Pinang,42.75,2013-04-01
Sabah,32.2625,2013-04-01
Sarawak,33.657,2013-04-01
Selangor,44.678,2013-04-01
Terengganu,39.91666666666666,2013-04-01
Wilayah Persekutuan,41.07,2013-04-01
Johor,47.4725,2013-05-01
Kedah,34.943333333333335,2013-05-01
Kelantan,42.38,2013-05-01
Melaka,54.795,2013-05-01
Negeri Sembilan,51.7,2013-05-01
Pahang,34.276666666666664,2013-05-01
Perak,39.252,2013-05-01
Perlis,28.92,2013-05-01
Pulau Pinang,38.52,2013-05-01
Sabah,30.7825,2013-05-01
Sarawak,34.289,2013-05-01
Selangor,42.438,2013-05-01
Terengganu,39.723333333333336,2013-05-01
Wilayah Persekutuan,39.6025,2013-05-01
Johor,78.7075,2013-06-01
Kedah,48.333333333333336,2013-06-01
Kelantan,56.08,2013-06-01
Melaka,98.29,2013-06-01
Negeri Sembilan,93.55,2013-06-01
Pahang,64.96,2013-06-01
Perak,68.80799999999999,2013-06-01
Perlis,44.0,2013-06-01
Pulau Pinang,57.296666666666674,2013-06-01
Sabah,43.3775,2013-06-01
Sarawak,52.351,2013-06-01
Selangor,98.626,2013-06-01
Terengganu,68.93666666666667,2013-06-01
Wilayah Persekutuan,73.7625,2013-06-01
Johor,45.932500000000005,2013-07-01
Kedah,45.51333333333333,2013-07-01
Kelantan,49.33,2013-07-01
Melaka,67.13,2013-07-01
Negeri Sembilan,56.10333333333333,2013-07-01
Pahang,40.68666666666667,2013-07-01
Perak,50.856,2013-07-01
Perlis,43.69,2013-07-01
Pulau Pinang,51.67666666666667,2013-07-01
Sabah,35.63,2013-07-01
Sarawak,38.017,2013-07-01
Selangor,54.972,2013-07-01
Terengganu,47.73333333333333,2013-07-01
Wilayah Persekutuan,47.8775,2013-07-01
Johor,44.555,2013-08-01
Kedah,41.693333333333335,2013-08-01
Kelantan,46.33,2013-08-01
Melaka,65.32,2013-08-01
Negeri Sembilan,52.4,2013-08-01
Pahang,44.71,2013-08-01
Perak,48.324,2013-08-01
Perlis,40.38,2013-08-01
Pulau Pinang,46.57666666666668,2013-08-01
Sabah,35.59,2013-08-01
Sarawak,39.982,2013-08-01
Selangor,50.758,2013-08-01
Terengganu,48.31333333333333,2013-08-01
Wilayah Persekutuan,45.5,2013-08-01
Johor,44.2,2013-09-01
Kedah,36.78666666666667,2013-09-01
Kelantan,43.55,2013-09-01
Melaka,57.09,2013-09-01
Negeri Sembilan,44.97,2013-09-01
Pahang,38.516666666666666,2013-09-01
Perak,38.886,2013-09-01
Perlis,34.81,2013-09-01
Pulau Pinang,40.31333333333333,2013-09-01
Sabah,34.6725,2013-09-01
Sarawak,38.891000000000005,2013-09-01
Selangor,44.866,2013-09-01
Terengganu,47.723333333333336,2013-09-01
Wilayah Persekutuan,40.215,2013-09-01
Johor,45.7075,2013-10-01
Kedah,34.22666666666667,2013-10-01
Kelantan,29.875,2013-10-01
Melaka,50.5,2013-10-01
Negeri Sembilan,40.84333333333333,2013-10-01
Pahang,32.32666666666667,2013-10-01
Perak,32.251999999999995,2013-10-01
Perlis,31.28,2013-10-01
Pulau Pinang,35.15,2013-10-01
Sabah,36.9275,2013-10-01
Sarawak,37.376,2013-10-01
Selangor,38.732,2013-10-01
Terengganu,41.29333333333333,2013-10-01
Wilayah Persekutuan,36.5825,2013-10-01
Johor,37.947500000000005,2013-11-01
Kedah,36.92666666666667,2013-11-01
Kelantan,30.325,2013-11-01
Melaka,51.605,2013-11-01
Negeri Sembilan,38.87,2013-11-01
Pahang,30.59,2013-11-01
Perak,33.376,2013-11-01
Perlis,38.29,2013-11-01
Pulau Pinang,41.52,2013-11-01
Sabah,33.065,2013-11-01
Sarawak,25.816000000000003,2013-11-01
Selangor,39.804,2013-11-01
Terengganu,33.36666666666667,2013-11-01
Wilayah Persekutuan,33.5325,2013-11-01
Johor,31.270000000000003,2013-12-01
Kedah,39.873333333333335,2013-12-01
Kelantan,38.955,2013-12-01
Melaka,48.935,2013-12-01
Negeri Sembilan,36.65,2013-12-01
Pahang,31.663333333333338,2013-12-01
Perak,31.726,2013-12-01
Perlis,50.73,2013-12-01
Pulau Pinang,37.11333333333334,2013-12-01
Sabah,28.86,2013-12-01
Sarawak,22.809,2013-12-01
Selangor,38.552,2013-12-01
Terengganu,37.91666666666666,2013-12-01
Wilayah Persekutuan,30.665,2013-12-01
Johor,41.13,2014-01-01
Kedah,44.10666666666666,2014-01-01
Kelantan,45.16,2014-01-01
Melaka,52.16,2014-01-01
Negeri Sembilan,39.32,2014-01-01
Pahang,39.28666666666667,2014-01-01
Perak,39.462,2014-01-01
Perlis,53.12,2014-01-01
Pulau Pinang,40.50666666666667,2014-01-01
Sabah,32.1575,2014-01-01
Sarawak,28.186,2014-01-01
Selangor,45.316,2014-01-01
Terengganu,39.196666666666665,2014-01-01
Wilayah Persekutuan,33.8425,2014-01-01
Johor,40.575,2014-02-01
Kedah,46.44333333333333,2014-02-01
Kelantan,46.1,2014-02-01
Melaka,52.205,2014-02-01
Negeri Sembilan,52.423333333333325,2014-02-01
Pahang,39.47,2014-02-01
Perak,53.108,2014-02-01
Perlis,53.36,2014-02-01
Pulau Pinang,54.09,2014-02-01
Sabah,30.8975,2014-02-01
Sarawak,33.495,2014-02-01
Selangor,59.174,2014-02-01
Terengganu,36.92666666666667,2014-02-01
Wilayah Persekutuan,46.4025,2014-02-01
Johor,46.49,2014-03-01
Kedah,48.56333333333333,2014-03-01
Kelantan,42.215,2014-03-01
Melaka,64.745,2014-03-01
Negeri Sembilan,66.83666666666666,2014-03-01
Pahang,41.24666666666667,2014-03-01
Perak,59.468,2014-03-01
Perlis,55.64,2014-03-01
Pulau Pinang,55.39333333333334,2014-03-01
Sabah,35.0,2014-03-01
Sarawak,39.298,2014-03-01
Selangor,81.56,2014-03-01
Terengganu,37.97666666666667,2014-03-01
Wilayah Persekutuan,59.845,2014-03-01
Johor,43.790000000000006,2014-04-01
Kedah,39.46666666666667,2014-04-01
Kelantan,43.245,2014-04-01
Melaka,44.565,2014-04-01
Negeri Sembilan,50.01,2014-04-01
Pahang,41.803333333333335,2014-04-01
Perak,36.358,2014-04-01
Perlis,47.69,2014-04-01
Pulau Pinang,36.01333333333333,2014-04-01
Sabah,31.32,2014-04-01
Sarawak,32.174,2014-04-01
Selangor,43.79,2014-04-01
Terengganu,50.10999999999999,2014-04-01
Wilayah Persekutuan,41.3425,2014-04-01
Johor,41.315,2014-05-01
Kedah,35.68,2014-05-01
Kelantan,32.150000000000006,2014-05-01
Melaka,36.935,2014-05-01
Negeri Sembilan,42.06333333333333,2014-05-01
Pahang,35.64333333333334,2014-05-01
Perak,31.748,2014-05-01
Perlis,32.99,2014-05-01
Pulau Pinang,35.29,2014-05-01
Sabah,27.56,2014-05-01
Sarawak,31.97,2014-05-01
Selangor,39.528,2014-05-01
Terengganu,43.70000000000001,2014-05-01
Wilayah Persekutuan,35.3125,2014-05-01
Johor,42.525,2014-06-01
Kedah,50.50666666666666,2014-06-01
Kelantan,38.88,2014-06-01
Melaka,48.545,2014-06-01
Negeri Sembilan,51.41666666666666,2014-06-01
Pahang,45.78,2014-06-01
Perak,49.612,2014-06-01
Perlis,42.27,2014-06-01
Pulau Pinang,53.13333333333333,2014-06-01
Sabah,30.865,2014-06-01
Sarawak,34.953,2014-06-01
Selangor,53.55800000000001,2014-06-01
Terengganu,42.21333333333333,2014-06-01
Wilayah Persekutuan,47.1175,2014-06-01
Johor,43.1375,2014-07-01
Kedah,48.44333333333333,2014-07-01
Kelantan,38.66,2014-07-01
Melaka,49.755,2014-07-01
Negeri Sembilan,52.32666666666668,2014-07-01
Pahang,41.153333333333336,2014-07-01
Perak,61.202,2014-07-01
Perlis,36.59,2014-07-01
Pulau Pinang,54.78666666666667,2014-07-01
Sabah,33.4575,2014-07-01
Sarawak,48.604,2014-07-01
Selangor,63.854000000000006,2014-07-01
Terengganu,43.03333333333333,2014-07-01
Wilayah Persekutuan,52.36,2014-07-01
Johor,37.9025,2014-08-01
Kedah,39.84333333333333,2014-08-01
Kelantan,29.78,2014-08-01
Melaka,39.07,2014-08-01
Negeri Sembilan,38.836666666666666,2014-08-01
Pahang,31.916666666666668,2014-08-01
Perak,41.568,2014-08-01
Perlis,30.22,2014-08-01
Pulau Pinang,40.23333333333333,2014-08-01
Sabah,30.4725,2014-08-01
Sarawak,35.505,2014-08-01
Selangor,42.182,2014-08-01
Terengganu,40.053333333333335,2014-08-01
Wilayah Persekutuan,36.715,2014-08-01
Johor,54.07,2014-09-01
Kedah,39.97,2014-09-01
Kelantan,33.660000000000004,2014-09-01
Melaka,48.595,2014-09-01
Negeri Sembilan,57.96666666666667,2014-09-01
Pahang,44.07666666666666,2014-09-01
Perak,44.188,2014-09-01
Perlis,27.22,2014-09-01
Pulau Pinang,40.46,2014-09-01
Sabah,34.885,2014-09-01
Sarawak,42.785,2014-09-01
Selangor,50.318,2014-09-01
Terengganu,50.11333333333334,2014-09-01
Wilayah Persekutuan,48.697500000000005,2014-09-01
Johor,55.4925,2014-10-01
Kedah,39.61,2014-10-01
Kelantan,37.65,2014-10-01
Melaka,53.315,2014-10-01
Negeri Sembilan,59.56666666666666,2014-10-01
Pahang,41.97,2014-10-01
Perak,46.06,2014-10-01
Perlis,29.78,2014-10-01
Pulau Pinang,46.91,2014-10-01
Sabah,36.3275,2014-10-01
Sarawak,38.107,2014-10-01
Selangor,53.738,2014-10-01
Terengganu,39.46333333333333,2014-10-01
Wilayah Persekutuan,49.0525,2014-10-01
Johor,40.1675,2014-11-01
Kedah,39.76666666666667,2014-11-01
Kelantan,36.935,2014-11-01
Melaka,39.255,2014-11-01
Negeri Sembilan,40.87,2014-11-01
Pahang,35.836666666666666,2014-11-01
Perak,35.306,2014-11-01
Perlis,26.21,2014-11-01
Pulau Pinang,41.43666666666667,2014-11-01
Sabah,32.965,2014-11-01
Sarawak,30.019,2014-11-01
Selangor,39.464,2014-11-01
Terengganu,31.26,2014-11-01
Wilayah Persekutuan,35.075,2014-11-01
Johor,35.7675,2014-12-01
Kedah,39.443333333333335,2014-12-01
Kelantan,40.22,2014-12-01
Melaka,37.39,2014-12-01
Negeri Sembilan,38.696666666666665,2014-12-01
Pahang,33.77333333333333,2014-12-01
Perak,33.028,2014-12-01
Perlis,27.53,2014-12-01
Pulau Pinang,38.623333333333335,2014-12-01
Sabah,31.3875,2014-12-01
Sarawak,30.624,2014-12-01
Selangor,39.22,2014-12-01
Terengganu,36.04,2014-12-01
Wilayah Persekutuan,39.2325,2014-12-01
Johor,44.9975,2015-01-01
Kedah,54.30666666666667,2015-01-01
Kelantan,69.96000000000001,2015-01-01
Melaka,46.51,2015-01-01
Negeri Sembilan,41.61666666666667,2015-01-01
Pahang,43.13999999999999,2015-01-01
Perak,44.984,2015-01-01
Perlis,50.08,2015-01-01
Pulau Pinang,50.22333333333333,2015-01-01
Sabah,31.255000000000003,2015-01-01
Sarawak,29.589,2015-01-01
Selangor,45.152,2015-01-01
Terengganu,48.43000000000001,2015-01-01
Wilayah Persekutuan,42.1075,2015-01-01
Johor,44.7675,2015-02-01
Kedah,53.80666666666667,2015-02-01
Kelantan,60.535,2015-02-01
Melaka,45.395,2015-02-01
Negeri Sembilan,45.2,2015-02-01
Pahang,39.68333333333334,2015-02-01
Perak,49.816,2015-02-01
Perlis,51.29,2015-02-01
Pulau Pinang,51.8,2015-02-01
Sabah,34.2075,2015-02-01
Sarawak,37.876,2015-02-01
Selangor,49.778000000000006,2015-02-01
Terengganu,49.16333333333333,2015-02-01
Wilayah Persekutuan,42.285,2015-02-01
Johor,46.325,2015-03-01
Kedah,52.00333333333333,2015-03-01
Kelantan,54.405,2015-03-01
Melaka,50.63,2015-03-01
Negeri Sembilan,52.13666666666666,2015-03-01
Pahang,42.00666666666667,2015-03-01
Perak,48.722,2015-03-01
Perlis,46.51,2015-03-01
Pulau Pinang,52.11333333333334,2015-03-01
Sabah,37.7475,2015-03-01
Sarawak,43.666,2015-03-01
Selangor,54.032,2015-03-01
Terengganu,47.57666666666668,2015-03-01
Wilayah Persekutuan,49.8625,2015-03-01
Johor,45.7225,2015-04-01
Kedah,47.36666666666667,2015-04-01
Kelantan,52.59,2015-04-01
Melaka,43.345,2015-04-01
Negeri Sembilan,45.88333333333333,2015-04-01
Pahang,37.553333333333335,2015-04-01
Perak,40.694,2015-04-01
Perlis,37.96,2015-04-01
Pulau Pinang,47.44333333333333,2015-04-01
Sabah,33.785,2015-04-01
Sarawak,37.373000000000005,2015-04-01
Selangor,45.67,2015-04-01
Terengganu,41.41666666666666,2015-04-01
Wilayah Persekutuan,44.29,2015-04-01
Johor,45.9125,2015-05-01
Kedah,43.946666666666665,2015-05-01
Kelantan,50.065,2015-05-01
Melaka,42.21,2015-05-01
Negeri Sembilan,47.82666666666668,2015-05-01
Pahang,38.906666666666666,2015-05-01
Perak,39.594,2015-05-01
Perlis,30.09,2015-05-01
Pulau Pinang,46.23666666666667,2015-05-01
Sabah,31.6425,2015-05-01
Sarawak,34.425,2015-05-01
Selangor,45.754,2015-05-01
Terengganu,42.66333333333333,2015-05-01
Wilayah Persekutuan,44.7125,2015-05-01
Johor,42.265,2015-06-01
Kedah,38.91666666666666,2015-06-01
Kelantan,52.21,2015-06-01
Melaka,38.565,2015-06-01
Negeri Sembilan,50.69,2015-06-01
Pahang,45.833333333333336,2015-06-01
Perak,37.686,2015-06-01
Perlis,27.51,2015-06-01
Pulau Pinang,43.1,2015-06-01
Sabah,29.75,2015-06-01
Sarawak,28.069,2015-06-01
Selangor,48.408,2015-06-01
Terengganu,52.79333333333333,2015-06-01
Wilayah Persekutuan,45.86,2015-06-01
Johor,34.4075,2017-01-01
Kedah,43.620000000000005,2017-01-01
Kelantan,40.365,2017-01-01
Melaka,37.93,2017-01-01
Negeri Sembilan,40.25,2017-01-01
Pahang,32.526666666666664,2017-01-01
Perak,42.002,2017-01-01
Perlis,34.88,2017-01-01
Pulau Pinang,42.32666666666666,2017-01-01
Sabah,33.7925,2017-01-01
Sarawak,31.887,2017-01-01
Terengganu,39.43333333333333,2017-01-01
Wilayah Persekutuan,41.73333333333333,2017-01-01
Johor,38.3725,2017-02-01
Kedah,49.84666666666666,2017-02-01
Kelantan,50.35,2017-02-01
Melaka,46.03,2017-02-01
Negeri Sembilan,43.626666666666665,2017-02-01
Pahang,37.64,2017-02-01
Perak,45.378,2017-02-01
Perlis,40.71,2017-02-01
Pulau Pinang,43.99,2017-02-01
Sabah,32.542500000000004,2017-02-01
Sarawak,32.160000000000004,2017-02-01
Terengganu,44.080000000000005,2017-02-01
Wilayah Persekutuan,42.01,2017-02-01
Johor,40.432500000000005,2017-03-01
Kedah,51.20666666666667,2017-03-01
Kelantan,50.385,2017-03-01
Melaka,48.260000000000005,2017-03-01
Negeri Sembilan,47.083333333333336,2017-03-01
Pahang,39.10666666666666,2017-03-01
Perak,47.058,2017-03-01
Perlis,43.52,2017-03-01
Pulau Pinang,50.57666666666666,2017-03-01
Sabah,32.8875,2017-03-01
Sarawak,31.048,2017-03-01
Terengganu,43.16,2017-03-01
Wilayah Persekutuan,44.95,2017-03-01
Johor,31.767142857142854,2017-04-01
Kedah,25.785,2017-04-01
Kelantan,30.805,2017-04-01
Melaka,30.44,2017-04-01
Negeri Sembilan,35.303333333333335,2017-04-01
Pahang,26.85,2017-04-01
Perak,34.19,2017-04-01
Perlis,31.52,2017-04-01
Pulau Pinang,35.9825,2017-04-01
Sabah,22.45,2017-04-01
Sarawak,23.6425,2017-04-01
Terengganu,26.475,2017-04-01
Wilayah Persekutuan,37.626666666666665,2017-04-01
Johor,23.64375,2017-05-01
Kedah,23.1575,2017-05-01
Kelantan,22.515,2017-05-01
Melaka,26.51333333333333,2017-05-01
Negeri Sembilan,28.096666666666668,2017-05-01
Pahang,22.79,2017-05-01
Perak,29.904,2017-05-01
Perlis,22.45,2017-05-01
Pulau Pinang,27.616666666666664,2017-05-01
Sabah,18.74,2017-05-01
Sarawak,16.464166666666667,2017-05-01
Terengganu,21.6075,2017-05-01
Wilayah Persekutuan,30.436666666666667,2017-05-01
Johor,25.94625,2017-06-01
Kedah,24.1525,2017-06-01
Kelantan,21.48,2017-06-01
Melaka,29.91,2017-06-01
Negeri Sembilan,30.426666666666662,2017-06-01
Pahang,24.628,2017-06-01
Perak,33.803999999999995,2017-06-01
Perlis,22.03,2017-06-01
Pulau Pinang,28.506666666666664,2017-06-01
Sabah,17.616,2017-06-01
Sarawak,17.31416666666667,2017-06-01
Terengganu,20.985,2017-06-01
Wilayah Persekutuan,33.21,2017-06-01
Johor,26.07875,2017-07-01
Kedah,29.6875,2017-07-01
Kelantan,27.91,2017-07-01
Melaka,27.39,2017-07-01
Negeri Sembilan,29.136666666666667,2017-07-01
Pahang,27.642000000000003,2017-07-01
Perak,37.658,2017-07-01
Perlis,22.11,2017-07-01
Pulau Pinang,34.583333333333336,2017-07-01
Sabah,18.84,2017-07-01
Sarawak,19.286666666666665,2017-07-01
Terengganu,24.5425,2017-07-01
Wilayah Persekutuan,30.906666666666663,2017-07-01
Johor,25.5725,2017-08-01
Kedah,21.76,2017-08-01
Kelantan,19.94,2017-08-01
Melaka,25.223333333333333,2017-08-01
Negeri Sembilan,30.88,2017-08-01
Pahang,25.95,2017-08-01
Perak,31.01,2017-08-01
Perlis,17.37,2017-08-01
Pulau Pinang,26.683333333333334,2017-08-01
Sabah,17.436,2017-08-01
Sarawak,16.605833333333333,2017-08-01
Terengganu,21.22,2017-08-01
Wilayah Persekutuan,29.376666666666665,2017-08-01
Johor,25.83125,2017-09-01
Kedah,18.009999999999998,2017-09-01
Kelantan,18.03,2017-09-01
Melaka,26.016666666666666,2017-09-01
Negeri Sembilan,30.16,2017-09-01
Pahang,23.02,2017-09-01
Perak,24.87,2017-09-01
Perlis,14.65,2017-09-01
Pulau Pinang,21.45,2017-09-01
Sabah,18.782,2017-09-01
Sarawak,18.60333333333333,2017-09-01
Terengganu,19.7625,2017-09-01
Wilayah Persekutuan,27.106666666666666,2017-09-01
Johor,28.05625,2017-10-01
Kedah,20.005,2017-10-01
Kelantan,22.895000000000003,2017-10-01
Melaka,29.396666666666665,2017-10-01
Negeri Sembilan,33.13,2017-10-01
Pahang,23.696,2017-10-01
Perak,24.902,2017-10-01
Perlis,15.78,2017-10-01
Pulau Pinang,22.936666666666667,2017-10-01
Sabah,17.874000000000002,2017-10-01
Sarawak,18.00583333333333,2017-10-01
Terengganu,19.36,2017-10-01
Wilayah Persekutuan,29.316666666666663,2017-10-01
Johor,21.76,2017-11-01
Kedah,17.4,2017-11-01
Kelantan,18.835,2017-11-01
Melaka,22.540000000000003,2017-11-01
Negeri Sembilan,25.97333333333333,2017-11-01
Pahang,18.872,2017-11-01
Perak,21.67,2017-11-01
Perlis,17.01,2017-11-01
Pulau Pinang,21.37,2017-11-01
Sabah,16.716,2017-11-01
Sarawak,15.635,2017-11-01
Terengganu,16.2275,2017-11-01
Wilayah Persekutuan,25.35333333333333,2017-11-01
Johor,22.9425,2017-12-01
Kedah,23.7025,2017-12-01
Kelantan,25.89,2017-12-01
Melaka,23.60333333333333,2017-12-01
Negeri Sembilan,26.186666666666667,2017-12-01
Pahang,20.056,2017-12-01
Perak,24.068,2017-12-01
Perlis,24.96,2017-12-01
Pulau Pinang,27.0325,2017-12-01
Sabah,15.608,2017-12-01
Sarawak,15.650833333333331,2017-12-01
Terengganu,20.7125,2017-12-01
Wilayah Persekutuan,25.99666666666667,2017-12-01
Johor,17.78,2018-01-01
Kedah,20.225,2018-01-01
Kelantan,22.45,2018-01-01
Melaka,19.94333333333333,2018-01-01
Negeri Sembilan,23.08333333333333,2018-01-01
Pahang,15.378,2018-01-01
Perak,21.842,2018-01-01
Perlis,21.37,2018-01-01
Pulau Pinang,23.29,2018-01-01
Sabah,14.772,2018-01-01
Sarawak,13.2925,2018-01-01
Selangor,27.326,2018-01-01
Terengganu,19.365,2018-01-01
Wilayah Persekutuan,25.18,2018-01-01
Johor,26.55625,2018-02-01
Kedah,29.75,2018-02-01
Kelantan,35.385000000000005,2018-02-01
Melaka,26.876666666666665,2018-02-01
Negeri Sembilan,28.956666666666667,2018-02-01
Pahang,26.676,2018-02-01
Perak,31.606,2018-02-01
Perlis,28.31,2018-02-01
Pulau Pinang,32.730000000000004,2018-02-01
Sabah,17.488,2018-02-01
Sarawak,18.655833333333334,2018-02-01
Selangor,36.734,2018-02-01
Terengganu,29.145,2018-02-01
Wilayah Persekutuan,28.1625,2018-02-01
Johor,22.93777777777778,2018-03-01
Kedah,24.7325,2018-03-01
Kelantan,31.235,2018-03-01
Melaka,24.72666666666667,2018-03-01
Negeri Sembilan,27.883333333333336,2018-03-01
Pahang,24.156,2018-03-01
Perak,28.538,2018-03-01
Perlis,24.72,2018-03-01
Pulau Pinang,26.5,2018-03-01
Sabah,17.866,2018-03-01
Sarawak,17.495,2018-03-01
Selangor,37.84,2018-03-01
Terengganu,23.5675,2018-03-01
Wilayah Persekutuan,27.83,2018-03-01
Johor,24.96,2018-04-01
Kedah,24.555,2018-04-01
Kelantan,28.31,2018-04-01
Melaka,25.55666666666667,2018-04-01
Negeri Sembilan,28.52333333333333,2018-04-01
Pahang,24.564,2018-04-01
Perak,29.232,2018-04-01
Perlis,24.24,2018-04-01
Pulau Pinang,25.93,2018-04-01
Sabah,19.826,2018-04-01
Sarawak,19.613333333333333,2018-04-01
Selangor,35.942,2018-04-01
Terengganu,21.93,2018-04-01
Wilayah Persekutuan,29.3475,2018-04-01
Johor,24.825,2018-05-01
Kedah,21.16,2018-05-01
Kelantan,23.535,2018-05-01
Melaka,24.85333333333333,2018-05-01
Negeri Sembilan,27.546666666666667,2018-05-01
Pahang,21.308,2018-05-01
Perak,26.388,2018-05-01
Perlis,20.75,2018-05-01
Pulau Pinang,23.3525,2018-05-01
Sabah,16.726,2018-05-01
Sarawak,16.12666666666667,2018-05-01
Selangor,32.962,2018-05-01
Terengganu,19.365,2018-05-01
Wilayah Persekutuan,27.81,2018-05-01
Johor,25.365,2018-06-01
Kedah,25.2475,2018-06-01
Kelantan,26.02,2018-06-01
Melaka,28.933333333333334,2018-06-01
Negeri Sembilan,26.83333333333333,2018-06-01
Pahang,24.386000000000003,2018-06-01
Perak,30.334000000000003,2018-06-01
Perlis,27.17,2018-06-01
Pulau Pinang,28.8425,2018-06-01
Sabah,17.744,2018-06-01
Sarawak,19.8175,2018-06-01
Selangor,31.672000000000004,2018-06-01
Terengganu,23.0175,2018-06-01
Wilayah Persekutuan,30.06,2018-06-01
Johor,28.23,2018-07-01
Kedah,27.1725,2018-07-01
Kelantan,28.61,2018-07-01
Melaka,33.86,2018-07-01
Negeri Sembilan,27.590000000000003,2018-07-01
Pahang,32.572,2018-07-01
Perak,32.906,2018-07-01
Perlis,25.0,2018-07-01
Pulau Pinang,33.395,2018-07-01
Sabah,21.084,2018-07-01
Sarawak,25.074166666666667,2018-07-01
Selangor,33.948,2018-07-01
Terengganu,28.2725,2018-07-01
Wilayah Persekutuan,32.285,2018-07-01
Johor,45.1275,2018-08-01
Kedah,42.99,2018-08-01
Kelantan,47.87,2018-08-01
Melaka,50.120000000000005,2018-08-01
Negeri Sembilan,50.25,2018-08-01
Pahang,47.024,2018-08-01
Perak,49.168,2018-08-01
Perlis,43.17,2018-08-01
Pulau Pinang,49.79,2018-08-01
Sabah,37.814,2018-08-01
Sarawak,49.98916666666667,2018-08-01
Selangor,53.336,2018-08-01
Terengganu,45.67,2018-08-01
Wilayah Persekutuan,50.14,2018-08-01
Johor,57.545,2018-09-01
Kedah,43.35,2018-09-01
Kelantan,42.695,2018-09-01
Melaka,61.03,2018-09-01
Negeri Sembilan,62.00333333333333,2018-09-01
Pahang,54.03399999999999,2018-09-01
Perak,49.546,2018-09-01
Perlis,36.18,2018-09-01
Pulau Pinang,51.035,2018-09-01
Sabah,43.666,2018-09-01
Sarawak,50.3,2018-09-01
Selangor,62.512,2018-09-01
Terengganu,48.1525,2018-09-01
Wilayah Persekutuan,58.3225,2018-09-01
Johor,53.49125,2018-10-01
Kedah,39.4675,2018-10-01
Kelantan,44.025000000000006,2018-10-01
Melaka,54.46,2018-10-01
Negeri Sembilan,55.24666666666667,2018-10-01
Pahang,44.674,2018-10-01
Perak,45.042,2018-10-01
Perlis,36.43,2018-10-01
Pulau Pinang,47.02,2018-10-01
Sabah,38.58,2018-10-01
Sarawak,43.443333333333335,2018-10-01
Selangor,56.71,2018-10-01
Terengganu,43.6875,2018-10-01
Wilayah Persekutuan,54.41,2018-10-01
Johor,46.98375,2018-11-01
Kedah,43.7525,2018-11-01
Kelantan,40.785,2018-11-01
Melaka,49.303333333333335,2018-11-01
Negeri Sembilan,51.15,2018-11-01
Pahang,36.202,2018-11-01
Perak,45.414,2018-11-01
Perlis,43.3,2018-11-01
Pulau Pinang,51.155,2018-11-01
Sabah,31.578000000000003,2018-11-01
Sarawak,41.10833333333333,2018-11-01
Selangor,55.41,2018-11-01
Terengganu,37.7975,2018-11-01
Wilayah Persekutuan,48.852500000000006,2018-11-01
Johor,43.23625,2018-12-01
Kedah,41.3475,2018-12-01
Kelantan,36.760000000000005,2018-12-01
Melaka,45.406666666666666,2018-12-01
Negeri Sembilan,51.25,2018-12-01
Pahang,31.334000000000003,2018-12-01
Perak,43.63,2018-12-01
Perlis,36.64,2018-12-01
Pulau Pinang,48.26,2018-12-01
Sabah,31.992,2018-12-01
Sarawak,36.56166666666667,2018-12-01
Selangor,54.702,2018-12-01
Terengganu,32.65,2018-12-01
Wilayah Persekutuan,48.1,2018-12-01
Johor,42.97,2019-01-01
Kedah,48.28,2019-01-01
Kelantan,46.59,2019-01-01
Melaka,47.46,2019-01-01
Negeri Sembilan,49.443333333333335,2019-01-01
Pahang,42.266000000000005,2019-01-01
Perak,50.53,2019-01-01
Perlis,49.0,2019-01-01
Pulau Pinang,53.4375,2019-01-01
Sabah,37.078,2019-01-01
Sarawak,37.565,2019-01-01
Selangor,57.61800000000001,2019-01-01
Terengganu,41.7625,2019-01-01
Wilayah Persekutuan,48.505,2019-01-01
Johor,46.8525,2019-02-01
Kedah,50.085,2019-02-01
Kelantan,51.16,2019-02-01
Melaka,49.45666666666667,2019-02-01
Negeri Sembilan,49.61666666666667,2019-02-01
Pahang,46.43,2019-02-01
Perak,53.894000000000005,2019-02-01
Perlis,49.26,2019-02-01
Pulau Pinang,56.4975,2019-02-01
Sabah,46.318,2019-02-01
Sarawak,42.75833333333333,2019-02-01
Selangor,61.86600000000001,2019-02-01
Terengganu,45.7475,2019-02-01
Wilayah Persekutuan,55.395,2019-02-01
Johor,60.46125,2019-03-01
Kedah,57.7225,2019-03-01
Kelantan,62.285,2019-03-01
Melaka,65.24333333333334,2019-03-01
Negeri Sembilan,65.26,2019-03-01
Pahang,62.464,2019-03-01
Perak,58.596,2019-03-01
Perlis,56.52,2019-03-01
Pulau Pinang,60.7425,2019-03-01
Sabah,50.914,2019-03-01
Sarawak,49.36416666666667,2019-03-01
Selangor,68.94200000000001,2019-03-01
Terengganu,56.365,2019-03-01
Wilayah Persekutuan,62.225,2019-03-01
Johor,54.845,2019-04-01
Kedah,51.795,2019-04-01
Kelantan,59.725,2019-04-01
Melaka,59.35666666666666,2019-04-01
Negeri Sembilan,58.60999999999999,2019-04-01
Pahang,57.870000000000005,2019-04-01
Perak,52.77,2019-04-01
Perlis,50.9,2019-04-01
Pulau Pinang,55.51,2019-04-01
Sabah,43.724,2019-04-01
Sarawak,48.18166666666667,2019-04-01
Selangor,62.896,2019-04-01
Terengganu,53.8825,2019-04-01
Wilayah Persekutuan,58.28,2019-04-01
Johor,55.6775,2019-05-01
Kedah,41.785,2019-05-01
Kelantan,49.265,2019-05-01
Melaka,58.09333333333333,2019-05-01
Negeri Sembilan,54.01666666666667,2019-05-01
Pahang,54.186,2019-05-01
Perak,45.634,2019-05-01
Perlis,35.57,2019-05-01
Pulau Pinang,47.85,2019-05-01
Sabah,38.642,2019-05-01
Sarawak,45.24,2019-05-01
Selangor,57.86,2019-05-01
Terengganu,51.565,2019-05-01
Wilayah Persekutuan,54.355,2019-05-01
Johor,48.4875,2019-06-01
Kedah,48.66,2019-06-01
Kelantan,47.41,2019-06-01
Melaka,53.65,2019-06-01
Negeri Sembilan,51.81333333333333,2019-06-01
Pahang,52.09,2019-06-01
Perak,52.79600000000001,2019-06-01
Perlis,43.17,2019-06-01
Pulau Pinang,52.46,2019-06-01
Sabah,31.434000000000005,2019-06-01
Sarawak,36.0125,2019-06-01
Selangor,56.7,2019-06-01
Terengganu,48.7325,2019-06-01
Wilayah Persekutuan,50.735,2019-06-01
Johor,56.23875,2019-07-01
Kedah,57.7575,2019-07-01
Kelantan,58.31,2019-07-01
Melaka,60.25333333333333,2019-07-01
Negeri Sembilan,61.14000000000001,2019-07-01
Pahang,58.806,2019-07-01
Perak,59.476,2019-07-01
Perlis,53.55,2019-07-01
Pulau Pinang,61.795,2019-07-01
Sabah,38.042,2019-07-01
Sarawak,47.21833333333333,2019-07-01
Selangor,63.6,2019-07-01
Terengganu,56.0725,2019-07-01
Wilayah Persekutuan,58.44,2019-07-01
Johor,64.18,2019-08-01
Kedah,54.7575,2019-08-01
Kelantan,59.895,2019-08-01
Melaka,72.05333333333334,2019-08-01
Negeri Sembilan,71.45333333333333,2019-08-01
Pahang,72.696,2019-08-01
Perak,63.544,2019-08-01
Perlis,51.78,2019-08-01
Pulau Pinang,62.7725,2019-08-01
Sabah,49.05,2019-08-01
Sarawak,64.39,2019-08-01
Selangor,72.798,2019-08-01
Terengganu,64.0575,2019-08-01
Wilayah Persekutuan,68.8275,2019-08-01
Johor,84.80625,2019-09-01
Kedah,70.00999999999999,2019-09-01
Kelantan,64.995,2019-09-01
Melaka,96.54,2019-09-01
Negeri Sembilan,106.12666666666668,2019-09-01
Pahang,84.70599999999999,2019-09-01
Perak,83.464,2019-09-01
Perlis,64.22,2019-09-01
Pulau Pinang,80.115,2019-09-01
Sabah,61.578,2019-09-01
Sarawak,97.5775,2019-09-01
Selangor,106.416,2019-09-01
Terengganu,72.94,2019-09-01
Wilayah Persekutuan,99.5875,2019-09-01
Johor,56.353750000000005,2019-10-01
Kedah,41.1,2019-10-01
Kelantan,49.665,2019-10-01
Melaka,60.20666666666667,2019-10-01
Negeri Sembilan,60.31666666666666,2019-10-01
Pahang,49.368,2019-10-01
Perak,47.204,2019-10-01
Perlis,31.15,2019-10-01
Pulau Pinang,46.9225,2019-10-01
Sabah,33.446000000000005,2019-10-01
Sarawak,36.865833333333335,2019-10-01
Selangor,61.502,2019-10-01
Terengganu,39.3675,2019-10-01
Wilayah Persekutuan,55.77,2019-10-01
Johor,52.0275,2019-11-01
Kedah,39.545,2019-11-01
Kelantan,48.055,2019-11-01
Melaka,50.92666666666667,2019-11-01
Negeri Sembilan,53.84333333333333,2019-11-01
Pahang,42.12,2019-11-01
Perak,43.834,2019-11-01
Perlis,36.44,2019-11-01
Pulau Pinang,45.7925,2019-11-01
Sabah,36.92,2019-11-01
Sarawak,42.62,2019-11-01
Selangor,56.30800000000001,2019-11-01
Terengganu,36.21,2019-11-01
Wilayah Persekutuan,55.7025,2019-11-01
Johor,34.15,2019-12-01
Kedah,45.6275,2019-12-01
Kelantan,52.445,2019-12-01
Melaka,39.26333333333333,2019-12-01
Negeri Sembilan,45.23333333333333,2019-12-01
Pahang,37.916,2019-12-01
Perak,44.75,2019-12-01
Perlis,42.7,2019-12-01
Pulau Pinang,52.015,2019-12-01
Sabah,27.062,2019-12-01
Sarawak,30.305833333333336,2019-12-01
Selangor,53.508,2019-12-01
Terengganu,41.2225,2019-12-01
Wilayah Persekutuan,50.0525,2019-12-01
Johor,36.81625,2020-01-01
Kedah,47.63,2020-01-01
Kelantan,53.14,2020-01-01
Melaka,42.79333333333333,2020-01-01
Negeri Sembilan,48.95666666666667,2020-01-01
Pahang,41.022,2020-01-01
Perak,50.124,2020-01-01
Perlis,42.24,2020-01-01
Pulau Pinang,55.605,2020-01-01
Sabah,35.366,2020-01-01
Sarawak,35.729166666666664,2020-01-01
Selangor,55.336,2020-01-01
Terengganu,43.995000000000005,2020-01-01
Wilayah Persekutuan,51.15,2020-01-01
Johor,37.12,2020-02-01
Kedah,48.09,2020-02-01
Kelantan,52.59,2020-02-01
Melaka,42.23666666666667,2020-02-01
Negeri Sembilan,45.91333333333333,2020-02-01
Pahang,43.57,2020-02-01
Perak,47.924,2020-02-01
Perlis,42.59,2020-02-01
Pulau Pinang,52.605,2020-02-01
Sabah,42.238,2020-02-01
Sarawak,42.58083333333333,2020-02-01
Selangor,54.396,2020-02-01
Terengganu,45.06,2020-02-01
Wilayah Persekutuan,50.3775,2020-02-01
Johor,45.2225,2020-03-01
Kedah,55.0425,2020-03-01
Kelantan,57.335,2020-03-01
Melaka,48.73,2020-03-01
Negeri Sembilan,52.04,2020-03-01
Pahang,46.148,2020-03-01
Perak,53.508,2020-03-01
Perlis,49.82,2020-03-01
Pulau Pinang,58.8375,2020-03-01
Sabah,42.396,2020-03-01
Sarawak,38.325,2020-03-01
Selangor,57.29,2020-03-01
Terengganu,47.7375,2020-03-01
Wilayah Persekutuan,54.6625,2020-03-01
Johor,41.84,2020-04-01
Kedah,41.195,2020-04-01
Kelantan,51.42,2020-04-01
Melaka,43.01,2020-04-01
Negeri Sembilan,45.71333333333333,2020-04-01
Pahang,42.968,2020-04-01
Perak,43.862,2020-04-01
Perlis,42.11,2020-04-01
Pulau Pinang,45.81,2020-04-01
Sabah,39.748000000000005,2020-04-01
Sarawak,35.45583333333334,2020-04-01
Selangor,49.912,2020-04-01
Terengganu,41.2325,2020-04-01
Wilayah Persekutuan,49.51,2020-04-01
Johor,42.19,2020-05-01
Kedah,37.735,2020-05-01
Kelantan,48.58,2020-05-01
Melaka,50.376666666666665,2020-05-01
Negeri Sembilan,50.70333333333334,2020-05-01
Pahang,39.854,2020-05-01
Perak,40.124,2020-05-01
Perlis,35.92,2020-05-01
Pulau Pinang,43.932500000000005,2020-05-01
Sabah,30.454,2020-05-01
Sarawak,31.166666666666668,2020-05-01
Selangor,52.504,2020-05-01
Terengganu,41.8,2020-05-01
Wilayah Persekutuan,50.0975,2020-05-01
Johor,43.21125,2020-06-01
Kedah,47.075,2020-06-01
Kelantan,46.63,2020-06-01
Melaka,50.123333333333335,2020-06-01
Negeri Sembilan,52.85666666666666,2020-06-01
Pahang,46.026,2020-06-01
Perak,49.706,2020-06-01
Perlis,42.66,2020-06-01
Pulau Pinang,53.545,2020-06-01
Sabah,27.226,2020-06-01
Sarawak,29.801666666666662,2020-06-01
Selangor,56.034000000000006,2020-06-01
Terengganu,42.77,2020-06-01
Wilayah Persekutuan,51.3525,2020-06-01
Johor,41.14375,2020-07-01
Kedah,45.94,2020-07-01
Kelantan,51.755,2020-07-01
Melaka,51.16,2020-07-01
Negeri Sembilan,53.13333333333333,2020-07-01
Pahang,43.112,2020-07-01
Perak,49.44,2020-07-01
Perlis,41.53,2020-07-01
Pulau Pinang,54.5175,2020-07-01
Sabah,26.884000000000004,2020-07-01
Sarawak,29.659166666666664,2020-07-01
Selangor,59.676,2020-07-01
Terengganu,42.5925,2020-07-01
Wilayah Persekutuan,50.605,2020-07-01
Johor,48.68625,2020-08-01
Kedah,55.2375,2020-08-01
Kelantan,56.040000000000006,2020-08-01
Melaka,55.94333333333333,2020-08-01
Negeri Sembilan,57.66,2020-08-01
Pahang,51.010000000000005,2020-08-01
Perak,58.098,2020-08-01
Perlis,48.03,2020-08-01
Pulau Pinang,64.46,2020-08-01
Sabah,32.748000000000005,2020-08-01
Sarawak,40.52583333333333,2020-08-01
Selangor,62.992,2020-08-01
Terengganu,49.61,2020-08-01
Wilayah Persekutuan,55.345,2020-08-01
Johor,43.34875,2020-09-01
Kedah,42.08,2020-09-01
Kelantan,49.815,2020-09-01
Melaka,49.13,2020-09-01
Negeri Sembilan,50.903333333333336,2020-09-01
Pahang,47.408,2020-09-01
Perak,47.754000000000005,2020-09-01
Perlis,41.89,2020-09-01
Pulau Pinang,50.19,2020-09-01
Sabah,28.256,2020-09-01
Sarawak,31.460833333333337,2020-09-01
Selangor,56.74400000000001,2020-09-01
Terengganu,48.115,2020-09-01
Wilayah Persekutuan,47.9175,2020-09-01
Johor,48.9875,2020-10-01
Kedah,33.0475,2020-10-01
Kelantan,43.42,2020-10-01
Melaka,52.85,2020-10-01
Negeri Sembilan,52.28333333333333,2020-10-01
Pahang,49.448,2020-10-01
Perak,46.304,2020-10-01
Perlis,42.63,2020-10-01
Pulau Pinang,45.4975,2020-10-01
Sabah,30.910000000000004,2020-10-01
Sarawak,35.48083333333333,2020-10-01
Selangor,58.264,2020-10-01
Terengganu,44.495,2020-10-01
Wilayah Persekutuan,52.3175,2020-10-01
Johor,39.125,2020-11-01
Kedah,35.9525,2020-11-01
Kelantan,41.615,2020-11-01
Melaka,42.153333333333336,2020-11-01
Negeri Sembilan,46.67666666666667,2020-11-01
Pahang,31.818,2020-11-01
Perak,38.998000000000005,2020-11-01
Perlis,45.88,2020-11-01
Pulau Pinang,45.55,2020-11-01
Sabah,30.656,2020-11-01
Sarawak,30.425833333333333,2020-11-01
Selangor,57.582,2020-11-01
Terengganu,32.585,2020-11-01
Wilayah Persekutuan,48.73,2020-11-01
Johor,41.06375,2020-12-01
Kedah,39.0925,2020-12-01
Kelantan,42.41,2020-12-01
Melaka,45.68000000000001,2020-12-01
Negeri Sembilan,52.38333333333333,2020-12-01
Pahang,41.882,2020-12-01
Perak,42.322,2020-12-01
Perlis,42.75,2020-12-01
Pulau Pinang,47.5075,2020-12-01
Sabah,27.972,2020-12-01
Sarawak,29.40833333333333,2020-12-01
Selangor,60.198,2020-12-01
Terengganu,33.68,2020-12-01
Wilayah Persekutuan,48.0625,2020-12-01
Johor,35.98625,2021-01-01
Kedah,49.3825,2021-01-01
Kelantan,51.89,2021-01-01
Melaka,39.91333333333333,2021-01-01
Negeri Sembilan,47.88333333333333,2021-01-01
Pahang,43.074,2021-01-01
Perak,45.818,2021-01-01
Perlis,49.5,2021-01-01
Pulau Pinang,55.14,2021-01-01
Sabah,24.804,2021-01-01
Sarawak,26.315,2021-01-01
Selangor,60.588,2021-01-01
Terengganu,40.145,2021-01-01
Wilayah Persekutuan,45.1575,2021-01-01
Johor,50.6575,2021-02-01
Kedah,56.77,2021-02-01
Kelantan,65.265,2021-02-01
Melaka,52.16,2021-02-01
Negeri Sembilan,58.53,2021-02-01
Pahang,55.666,2021-02-01
Perak,57.974,2021-02-01
Perlis,55.86,2021-02-01
Pulau Pinang,61.5875,2021-02-01
Sabah,32.322,2021-02-01
Sarawak,38.77166666666667,2021-02-01
Selangor,67.866,2021-02-01
Terengganu,51.2025,2021-02-01
Wilayah Persekutuan,55.0275,2021-02-01
Johor,49.45875,2021-03-01
Kedah,51.1925,2021-03-01
Kelantan,50.94,2021-03-01
Melaka,54.34333333333333,2021-03-01
Negeri Sembilan,56.626666666666665,2021-03-01
Pahang,51.048,2021-03-01
Perak,54.638,2021-03-01
Perlis,46.46,2021-03-01
Pulau Pinang,58.8475,2021-03-01
Sabah,34.586,2021-03-01
Sarawak,37.23,2021-03-01
Selangor,65.572,2021-03-01
Terengganu,40.34,2021-03-01
Wilayah Persekutuan,54.38,2021-03-01
Johor,53.1075,2021-04-01
Kedah,40.4675,2021-04-01
Kelantan,50.67,2021-04-01
Melaka,60.13999999999999,2021-04-01
Negeri Sembilan,57.84666666666666,2021-04-01
Pahang,52.00600000000001,2021-04-01
Perak,47.94,2021-04-01
Perlis,37.93,2021-04-01
Pulau Pinang,47.5725,2021-04-01
Sabah,39.734,2021-04-01
Sarawak,43.844166666666666,2021-04-01
Selangor,61.684000000000005,2021-04-01
Terengganu,44.05,2021-04-01
Wilayah Persekutuan,54.97,2021-04-01
Johor,46.44375,2021-05-01
Kedah,40.1325,2021-05-01
Kelantan,47.41,2021-05-01
Melaka,55.870000000000005,2021-05-01
Negeri Sembilan,54.82666666666668,2021-05-01
Pahang,45.122,2021-05-01
Perak,49.054,2021-05-01
Perlis,33.35,2021-05-01
Pulau Pinang,48.93,2021-05-01
Sabah,28.336,2021-05-01
Sarawak,34.38333333333333,2021-05-01
Selangor,66.058,2021-05-01
Terengganu,40.755,2021-05-01
Wilayah Persekutuan,53.78,2021-05-01
Johor,52.58125,2021-06-01
Kedah,43.8825,2021-06-01
Kelantan,47.59,2021-06-01
Melaka,59.17666666666667,2021-06-01
Negeri Sembilan,55.01666666666667,2021-06-01
Pahang,51.778,2021-06-01
Perak,47.518,2021-06-01
Perlis,46.12,2021-06-01
Pulau Pinang,51.375,2021-06-01
Sabah,31.5,2021-06-01
Sarawak,38.07833333333333,2021-06-01
Selangor,61.35799999999999,2021-06-01
Terengganu,47.3,2021-06-01
Wilayah Persekutuan,53.5975,2021-06-01
Johor,50.16875,2021-07-01
Kedah,45.8625,2021-07-01
Kelantan,55.145,2021-07-01
Melaka,60.13,2021-07-01
Negeri Sembilan,55.91333333333333,2021-07-01
Pahang,55.606,2021-07-01
Perak,53.184000000000005,2021-07-01
Perlis,42.55,2021-07-01
Pulau Pinang,54.8225,2021-07-01
Sabah,33.046,2021-07-01
Sarawak,40.958333333333336,2021-07-01
Selangor,62.694,2021-07-01
Terengganu,51.2575,2021-07-01
Wilayah Persekutuan,53.71,2021-07-01
Johor,43.515,2021-08-01
Kedah,35.8075,2021-08-01
Kelantan,46.66,2021-08-01
Melaka,53.24,2021-08-01
Negeri Sembilan,49.4,2021-08-01
Pahang,49.456,2021-08-01
Perak,45.432,2021-08-01
Perlis,32.07,2021-08-01
Pulau Pinang,44.4975,2021-08-01
Sabah,28.832,2021-08-01
Sarawak,35.59666666666667,2021-08-01
Selangor,57.29,2021-08-01
Terengganu,47.03,2021-08-01
Wilayah Persekutuan,50.1125,2021-08-01
Johor,45.675,2021-09-01
Kedah,40.5175,2021-09-01
Kelantan,50.290000000000006,2021-09-01
Melaka,50.29666666666666,2021-09-01
Negeri Sembilan,49.45,2021-09-01
Pahang,44.1,2021-09-01
Perak,48.316,2021-09-01
Perlis,38.21,2021-09-01
Pulau Pinang,48.0725,2021-09-01
Sabah,25.414,2021-09-01
Sarawak,35.37083333333333,2021-09-01
Selangor,59.120000000000005,2021-09-01
Terengganu,43.6775,2021-09-01
Wilayah Persekutuan,51.2625,2021-09-01
Johor,51.46375,2021-10-01
Kedah,37.6,2021-10-01
Kelantan,52.53,2021-10-01
Melaka,54.22,2021-10-01
Negeri Sembilan,52.85333333333333,2021-10-01
Pahang,47.804,2021-10-01
Perak,46.386,2021-10-01
Perlis,37.61,2021-10-01
Pulau Pinang,48.705,2021-10-01
Sabah,33.472,2021-10-01
Sarawak,35.818333333333335,2021-10-01
Selangor,64.22,2021-10-01
Terengganu,45.6875,2021-10-01
Wilayah Persekutuan,52.8025,2021-10-01
Johor,43.34875,2021-11-01
Kedah,31.565,2021-11-01
Kelantan,36.605,2021-11-01
Melaka,46.19333333333333,2021-11-01
Negeri Sembilan,48.76,2021-11-01
Pahang,34.842,2021-11-01
Perak,38.086,2021-11-01
Perlis,28.2,2021-11-01
Pulau Pinang,40.105,2021-11-01
Sabah,26.714,2021-11-01
Sarawak,31.215,2021-11-01
Selangor,58.29600000000001,2021-11-01
Terengganu,29.7875,2021-11-01
Wilayah Persekutuan,48.9575,2021-11-01
Johor,39.55125,2021-12-01
Kedah,47.1375,2021-12-01
Kelantan,49.07,2021-12-01
Melaka,44.56333333333333,2021-12-01
Negeri Sembilan,50.156666666666666,2021-12-01
Pahang,38.742,2021-12-01
Perak,46.504,2021-12-01
Perlis,43.99,2021-12-01
Pulau Pinang,49.93,2021-12-01
Sabah,33.568,2021-12-01
Sarawak,34.089166666666664,2021-12-01
Selangor,63.16,2021-12-01
Terengganu,38.1675,2021-12-01
Wilayah Persekutuan,48.825,2021-12-01
Johor,37.345,2022-01-01
Kedah,54.150000000000006,2022-01-01
Kelantan,60.065,2022-01-01
Melaka,42.98666666666667,2022-01-01
Negeri Sembilan,50.01333333333333,2022-01-01
Pahang,42.922,2022-01-01
Perak,56.096,2022-01-01
Perlis,49.89,2022-01-01
Pulau Pinang,58.985,2022-01-01
Sabah,35.938,2022-01-01
Sarawak,38.17166666666667,2022-01-01
Selangor,65.08200000000001,2022-01-01
Terengganu,45.33,2022-01-01
Wilayah Persekutuan,53.59,2022-01-01
Johor,34.480000000000004,2022-02-01
Kedah,44.605,2022-02-01
Kelantan,46.315,2022-02-01
Melaka,42.373333333333335,2022-02-01
Negeri Sembilan,52.24333333333334,2022-02-01
Pahang,34.39,2022-02-01
Perak,46.646,2022-02-01
Perlis,39.79,2022-02-01
Pulau Pinang,51.95,2022-02-01
Sabah,33.188,2022-02-01
Sarawak,37.10333333333333,2022-02-01
Selangor,57.848,2022-02-01
Terengganu,33.1875,2022-02-01
Wilayah Persekutuan,46.605,2022-02-01
Johor,41.9275,2022-03-01
Kedah,45.1325,2022-03-01
Kelantan,54.43,2022-03-01
Melaka,48.61333333333334,2022-03-01
Negeri Sembilan,59.13666666666666,2022-03-01
Pahang,38.652,2022-03-01
Perak,50.35,2022-03-01
Perlis,40.75,2022-03-01
Pulau Pinang,50.54,2022-03-01
Sabah,31.372000000000003,2022-03-01
Sarawak,34.70916666666667,2022-03-01
Selangor,59.2,2022-03-01
Terengganu,43.085,2022-03-01
Wilayah Persekutuan,48.215,2022-03-01
Johor,50.20875,2022-04-01
Kedah,45.925,2022-04-01
Kelantan,51.6,2022-04-01
Melaka,52.54333333333333,2022-04-01
Negeri Sembilan,64.45666666666666,2022-04-01
Pahang,39.728,2022-04-01
Perak,50.120000000000005,2022-04-01
Perlis,43.17,2022-04-01
Pulau Pinang,52.285,2022-04-01
Sabah,34.786,2022-04-01
Sarawak,36.848333333333336,2022-04-01
Selangor,62.46,2022-04-01
Terengganu,45.6875,2022-04-01
Wilayah Persekutuan,51.5675,2022-04-01
Johor,45.5925,2022-05-01
Kedah,40.61750000000001,2022-05-01
Kelantan,52.195,2022-05-01
Melaka,56.620000000000005,2022-05-01
Negeri Sembilan,62.99333333333333,2022-05-01
Pahang,42.416,2022-05-01
Perak,51.086,2022-05-01
Perlis,44.22,2022-05-01
Pulau Pinang,47.7675,2022-05-01
Sabah,32.80800000000001,2022-05-01
Sarawak,37.90916666666666,2022-05-01
Selangor,58.834,2022-05-01
Terengganu,44.2675,2022-05-01
Wilayah Persekutuan,52.615,2022-05-01
Malaysia,38.92,2005-10-01
Malaysia,37.1766,2005-11-01
Malaysia,38.3522,2005-12-01
Malaysia,42.936800000000005,2006-01-01
Malaysia,41.2058,2006-02-01
Malaysia,47.51,2006-03-01
Malaysia,42.8508,2006-04-01
Malaysia,41.8486,2006-05-01
Malaysia,41.72,2006-06-01
Malaysia,50.3132,2006-07-01
Malaysia,53.7464,2006-08-01
Malaysia,48.545,2006-09-01
Malaysia,61.8228,2006-10-01
Malaysia,40.4984,2006-11-01
Malaysia,39.036,2006-12-01
Malaysia,39.408,2007-01-01
Malaysia,43.08560000000001,2007-02-01
Malaysia,44.6576,2007-03-01
Malaysia,41.0154,2007-04-01
Malaysia,39.8324,2007-05-01
Malaysia,41.4108,2007-06-01
Malaysia,44.997600000000006,2007-07-01
Malaysia,45.3546,2007-08-01
Malaysia,43.0232,2007-09-01
Malaysia,40.1324,2007-10-01
Malaysia,40.91137254901961,2007-11-01
Malaysia,38.26039215686274,2007-12-01
Malaysia,40.0821568627451,2008-01-01
Malaysia,45.29960784313726,2008-02-01
Malaysia,38.56725490196079,2008-03-01
Malaysia,40.39960784313725,2008-04-01
Malaysia,45.55313725490196,2008-05-01
Malaysia,41.3921568627451,2008-06-01
Malaysia,40.74529411764706,2008-07-01
Malaysia,45.4275,2008-08-01
Malaysia,41.089215686274514,2008-09-01
Malaysia,36.24666666666666,2008-10-01
Malaysia,36.78862745098039,2008-11-01
Malaysia,37.14470588235295,2008-12-01
Malaysia,40.45764705882353,2009-01-01
Malaysia,45.135384615384616,2009-02-01
Malaysia,37.28365384615385,2009-03-01
Malaysia,38.99403846153847,2009-04-01
Malaysia,41.424807692307695,2009-05-01
Malaysia,48.68980769230769,2009-06-01
Malaysia,50.62230769230769,2009-07-01
Malaysia,48.26307692307692,2009-08-01
Malaysia,46.097307692307695,2009-09-01
Malaysia,38.815384615384616,2009-10-01
Malaysia,33.47769230769231,2009-11-01
Malaysia,36.19403846153846,2009-12-01
Malaysia,38.34019230769231,2010-01-01
Malaysia,41.35865384615385,2010-02-01
Malaysia,42.955576923076926,2010-03-01
Malaysia,39.23843137254902,2010-04-01
Malaysia,39.17038461538461,2010-05-01
Malaysia,37.88423076923077,2010-06-01
Malaysia,38.04692307692308,2010-07-01
Malaysia,39.53057692307693,2010-08-01
Malaysia,37.589615384615385,2010-09-01
Malaysia,41.87596153846154,2010-10-01
Malaysia,35.419230769230765,2010-11-01
Malaysia,35.23596153846154,2010-12-01
Malaysia,38.49173076923077,2011-01-01
Malaysia,43.595,2011-02-01
Malaysia,38.74923076923077,2011-03-01
Malaysia,41.744807692307695,2011-04-01
Malaysia,42.12884615384615,2011-05-01
Malaysia,45.644615384615385,2011-06-01
Malaysia,51.11730769230769,2011-07-01
Malaysia,47.39192307692308,2011-08-01
Malaysia,47.00211538461539,2011-09-01
Malaysia,38.29615384615385,2011-10-01
Malaysia,34.73634615384616,2011-11-01
Malaysia,36.56288461538462,2011-12-01
Malaysia,36.94307692307692,2012-01-01
Malaysia,39.368235294117646,2012-02-01
Malaysia,40.70921568627451,2012-03-01
Malaysia,38.11372549019608,2012-04-01
Malaysia,40.69588235294117,2012-05-01
Malaysia,52.20490196078431,2012-06-01
Malaysia,43.24096153846154,2012-07-01
Malaysia,49.909615384615385,2012-08-01
Malaysia,47.2775,2012-09-01
Malaysia,40.84576923076923,2012-10-01
Malaysia,35.0926923076923,2012-11-01
Malaysia,35.98288461538461,2012-12-01
Malaysia,40.95826923076923,2013-01-01
Malaysia,37.22865384615385,2013-02-01
Malaysia,44.41211538461538,2013-03-01
Malaysia,40.79057692307693,2013-04-01
Malaysia,39.29865384615385,2013-05-01
Malaysia,67.23153846153846,2013-06-01
Malaysia,46.70807692307692,2013-07-01
Malaysia,45.434038461538464,2013-08-01
Malaysia,41.25076923076923,2013-09-01
Malaysia,37.482692307692304,2013-10-01
Malaysia,34.388653846153844,2013-11-01
Malaysia,33.05423076923077,2013-12-01
Malaysia,38.25538461538461,2014-01-01
Malaysia,44.34403846153846,2014-02-01
Malaysia,51.5975,2014-03-01
Malaysia,39.68865384615385,2014-04-01
Malaysia,35.40615384615385,2014-05-01
Malaysia,44.10923076923076,2014-06-01
Malaysia,49.22673076923077,2014-07-01
Malaysia,37.20634615384616,2014-08-01
Malaysia,45.00923076923077,2014-09-01
Malaysia,44.95807692307692,2014-10-01
Malaysia,35.63403846153846,2014-11-01
Malaysia,35.29826923076923,2014-12-01
Malaysia,42.61884615384615,2015-01-01
Malaysia,45.074615384615385,2015-02-01
Malaysia,47.697307692307696,2015-03-01
Malaysia,42.106923076923074,2015-04-01
Malaysia,41.02769230769231,2015-05-01
Malaysia,40.11,2015-06-01
Malaysia,null,2015-07-01
Malaysia,null,2015-08-01
Malaysia,null,2015-09-01
Malaysia,null,2015-10-01
Malaysia,null,2015-11-01
Malaysia,null,2015-12-01
Malaysia,null,2016-01-01
Malaysia,null,2016-02-01
Malaysia,null,2016-03-01
Malaysia,null,2016-04-01
Malaysia,null,2016-05-01
Malaysia,null,2016-06-01
Malaysia,null,2016-07-01
Malaysia,null,2016-08-01
Malaysia,null,2016-09-01
Malaysia,null,2016-10-01
Malaysia,null,2016-11-01
Malaysia,null,2016-12-01
Malaysia,37.235217391304346,2017-01-01
Malaysia,40.2,2017-02-01
Malaysia,41.48065217391304,2017-03-01
Malaysia,28.96103448275862,2017-04-01
Malaysia,22.90379310344828,2017-05-01
Malaysia,24.263448275862068,2017-06-01
Malaysia,26.23568965517241,2017-07-01
Malaysia,23.12913793103448,2017-08-01
Malaysia,22.05603448275862,2017-09-01
Malaysia,23.03879310344828,2017-10-01
Malaysia,19.360172413793105,2017-11-01
Malaysia,21.354237288135597,2017-12-01
Malaysia,19.07421875,2018-01-01
Malaysia,26.83953846153846,2018-02-01
Malaysia,24.453333333333333,2018-03-01
Malaysia,25.12323076923077,2018-04-01
Malaysia,22.627846153846157,2018-05-01
Malaysia,25.17830769230769,2018-06-01
Malaysia,28.928461538461537,2018-07-01
Malaysia,47.56892307692308,2018-08-01
Malaysia,52.41323076923077,2018-09-01
Malaysia,47.17261538461538,2018-10-01
Malaysia,44.07153846153847,2018-11-01
Malaysia,41.14584615384615,2018-12-01
Malaysia,45.12046153846154,2019-01-01
Malaysia,49.38707692307692,2019-02-01
Malaysia,58.484,2019-03-01
Malaysia,53.92861538461538,2019-04-01
Malaysia,49.57784615384615,2019-05-01
Malaysia,46.798153846153845,2019-06-01
Malaysia,55.18092307692308,2019-07-01
Malaysia,64.31246153846155,2019-08-01
Malaysia,86.50800000000001,2019-09-01
Malaysia,47.31553846153847,2019-10-01
Malaysia,45.837384615384615,2019-11-01
Malaysia,40.15076923076924,2019-12-01
Malaysia,43.84323076923077,2020-01-01
Malaysia,45.31261538461538,2020-02-01
Malaysia,48.466307692307694,2020-03-01
Malaysia,42.534615384615385,2020-04-01
Malaysia,40.87353846153847,2020-05-01
Malaysia,43.41692307692308,2020-06-01
Malaysia,43.279384615384615,2020-07-01
Malaysia,50.76261538461539,2020-08-01
Malaysia,43.384,2020-09-01
Malaysia,44.44,2020-10-01
Malaysia,38.77307692307692,2020-11-01
Malaysia,40.59092307692308,2020-12-01
Malaysia,40.78553846153846,2021-01-01
Malaysia,51.638,2021-02-01
Malaysia,48.799076923076925,2021-03-01
Malaysia,49.21969230769231,2021-04-01
Malaysia,44.94846153846154,2021-05-01
Malaysia,47.79784615384616,2021-06-01
Malaysia,49.832,2021-07-01
Malaysia,43.437384615384616,2021-08-01
Malaysia,43.79615384615385,2021-09-01
Malaysia,46.21553846153846,2021-10-01
Malaysia,38.446,2021-11-01
Malaysia,43.0443076923077,2021-12-01
Malaysia,46.988461538461536,2022-01-01
Malaysia,41.58615384615384,2022-02-01
Malaysia,44.16230769230769,2022-03-01
Malaysia,47.05461538461539,2022-04-01
Malaysia,46.05984615384615,2022-05-01
Johor,null,2015-07-01
Kedah,null,2015-07-01
Kelantan,null,2015-07-01
Melaka,null,2015-07-01
Negeri Sembilan,null,2015-07-01
Pahang,null,2015-07-01
Perak,null,2015-07-01
Perlis,null,2015-07-01
Pulau Pinang,null,2015-07-01
Sabah,null,2015-07-01
Sarawak,null,2015-07-01
Selangor,null,2015-07-01
Terengganu,null,2015-07-01
Wilayah Persekutuan,null,2015-07-01
Malaysia,null,2015-07-01
Johor,null,2015-08-01
Kedah,null,2015-08-01
Kelantan,null,2015-08-01
Melaka,null,2015-08-01
Negeri Sembilan,null,2015-08-01
Pahang,null,2015-08-01
Perak,null,2015-08-01
Perlis,null,2015-08-01
Pulau Pinang,null,2015-08-01
Sabah,null,2015-08-01
Sarawak,null,2015-08-01
Selangor,null,2015-08-01
Terengganu,null,2015-08-01
Wilayah Persekutuan,null,2015-08-01
Malaysia,null,2015-08-01
Johor,null,2015-09-01
Kedah,null,2015-09-01
Kelantan,null,2015-09-01
Melaka,null,2015-09-01
Negeri Sembilan,null,2015-09-01
Pahang,null,2015-09-01
Perak,null,2015-09-01
Perlis,null,2015-09-01
Pulau Pinang,null,2015-09-01
Sabah,null,2015-09-01
Sarawak,null,2015-09-01
Selangor,null,2015-09-01
Terengganu,null,2015-09-01
Wilayah Persekutuan,null,2015-09-01
Malaysia,null,2015-09-01
Johor,null,2015-10-01
Kedah,null,2015-10-01
Kelantan,null,2015-10-01
Melaka,null,2015-10-01
Negeri Sembilan,null,2015-10-01
Pahang,null,2015-10-01
Perak,null,2015-10-01
Perlis,null,2015-10-01
Pulau Pinang,null,2015-10-01
Sabah,null,2015-10-01
Sarawak,null,2015-10-01
Selangor,null,2015-10-01
Terengganu,null,2015-10-01
Wilayah Persekutuan,null,2015-10-01
Malaysia,null,2015-10-01
Johor,null,2015-11-01
Kedah,null,2015-11-01
Kelantan,null,2015-11-01
Melaka,null,2015-11-01
Negeri Sembilan,null,2015-11-01
Pahang,null,2015-11-01
Perak,null,2015-11-01
Perlis,null,2015-11-01
Pulau Pinang,null,2015-11-01
Sabah,null,2015-11-01
Sarawak,null,2015-11-01
Selangor,null,2015-11-01
Terengganu,null,2015-11-01
Wilayah Persekutuan,null,2015-11-01
Malaysia,null,2015-11-01
Johor,null,2015-12-01
Kedah,null,2015-12-01
Kelantan,null,2015-12-01
Melaka,null,2015-12-01
Negeri Sembilan,null,2015-12-01
Pahang,null,2015-12-01
Perak,null,2015-12-01
Perlis,null,2015-12-01
Pulau Pinang,null,2015-12-01
Sabah,null,2015-12-01
Sarawak,null,2015-12-01
Selangor,null,2015-12-01
Terengganu,null,2015-12-01
Wilayah Persekutuan,null,2015-12-01
Malaysia,null,2015-12-01
Johor,null,2016-01-01
Kedah,null,2016-01-01
Kelantan,null,2016-01-01
Melaka,null,2016-01-01
Negeri Sembilan,null,2016-01-01
Pahang,null,2016-01-01
Perak,null,2016-01-01
Perlis,null,2016-01-01
Pulau Pinang,null,2016-01-01
Sabah,null,2016-01-01
Sarawak,null,2016-01-01
Selangor,null,2016-01-01
Terengganu,null,2016-01-01
Wilayah Persekutuan,null,2016-01-01
Malaysia,null,2016-01-01
Johor,null,2016-02-01
Kedah,null,2016-02-01
Kelantan,null,2016-02-01
Melaka,null,2016-02-01
Negeri Sembilan,null,2016-02-01
Pahang,null,2016-02-01
Perak,null,2016-02-01
Perlis,null,2016-02-01
Pulau Pinang,null,2016-02-01
Sabah,null,2016-02-01
Sarawak,null,2016-02-01
Selangor,null,2016-02-01
Terengganu,null,2016-02-01
Wilayah Persekutuan,null,2016-02-01
Malaysia,null,2016-02-01
Johor,null,2016-03-01
Kedah,null,2016-03-01
Kelantan,null,2016-03-01
Melaka,null,2016-03-01
Negeri Sembilan,null,2016-03-01
Pahang,null,2016-03-01
Perak,null,2016-03-01
Perlis,null,2016-03-01
Pulau Pinang,null,2016-03-01
Sabah,null,2016-03-01
Sarawak,null,2016-03-01
Selangor,null,2016-03-01
Terengganu,null,2016-03-01
Wilayah Persekutuan,null,2016-03-01
Malaysia,null,2016-03-01
Johor,null,2016-04-01
Kedah,null,2016-04-01
Kelantan,null,2016-04-01
Melaka,null,2016-04-01
Negeri Sembilan,null,2016-04-01
Pahang,null,2016-04-01
Perak,null,2016-04-01
Perlis,null,2016-04-01
Pulau Pinang,null,2016-04-01
Sabah,null,2016-04-01
Sarawak,null,2016-04-01
Selangor,null,2016-04-01
Terengganu,null,2016-04-01
Wilayah Persekutuan,null,2016-04-01
Malaysia,null,2016-04-01
Johor,null,2016-05-01
Kedah,null,2016-05-01
Kelantan,null,2016-05-01
Melaka,null,2016-05-01
Negeri Sembilan,null,2016-05-01
Pahang,null,2016-05-01
Perak,null,2016-05-01
Perlis,null,2016-05-01
Pulau Pinang,null,2016-05-01
Sabah,null,2016-05-01
Sarawak,null,2016-05-01
Selangor,null,2016-05-01
Terengganu,null,2016-05-01
Wilayah Persekutuan,null,2016-05-01
Malaysia,null,2016-05-01
Johor,null,2016-06-01
Kedah,null,2016-06-01
Kelantan,null,2016-06-01
Melaka,null,2016-06-01
Negeri Sembilan,null,2016-06-01
Pahang,null,2016-06-01
Perak,null,2016-06-01
Perlis,null,2016-06-01
Pulau Pinang,null,2016-06-01
Sabah,null,2016-06-01
Sarawak,null,2016-06-01
Selangor,null,2016-06-01
Terengganu,null,2016-06-01
Wilayah Persekutuan,null,2016-06-01
Malaysia,null,2016-06-01
Johor,null,2016-07-01
Kedah,null,2016-07-01
Kelantan,null,2016-07-01
Melaka,null,2016-07-01
Negeri Sembilan,null,2016-07-01
Pahang,null,2016-07-01
Perak,null,2016-07-01
Perlis,null,2016-07-01
Pulau Pinang,null,2016-07-01
Sabah,null,2016-07-01
Sarawak,null,2016-07-01
Selangor,null,2016-07-01
Terengganu,null,2016-07-01
Wilayah Persekutuan,null,2016-07-01
Malaysia,null,2016-07-01
Johor,null,2016-08-01
Kedah,null,2016-08-01
Kelantan,null,2016-08-01
Melaka,null,2016-08-01
Negeri Sembilan,null,2016-08-01
Pahang,null,2016-08-01
Perak,null,2016-08-01
Perlis,null,2016-08-01
Pulau Pinang,null,2016-08-01
Sabah,null,2016-08-01
Sarawak,null,2016-08-01
Selangor,null,2016-08-01
Terengganu,null,2016-08-01
Wilayah Persekutuan,null,2016-08-01
Malaysia,null,2016-08-01
Johor,null,2016-09-01
Kedah,null,2016-09-01
Kelantan,null,2016-09-01
Melaka,null,2016-09-01
Negeri Sembilan,null,2016-09-01
Pahang,null,2016-09-01
Perak,null,2016-09-01
Perlis,null,2016-09-01
Pulau Pinang,null,2016-09-01
Sabah,null,2016-09-01
Sarawak,null,2016-09-01
Selangor,null,2016-09-01
Terengganu,null,2016-09-01
Wilayah Persekutuan,null,2016-09-01
Malaysia,null,2016-09-01
Johor,null,2016-10-01
Kedah,null,2016-10-01
Kelantan,null,2016-10-01
Melaka,null,2016-10-01
Negeri Sembilan,null,2016-10-01
Pahang,null,2016-10-01
Perak,null,2016-10-01
Perlis,null,2016-10-01
Pulau Pinang,null,2016-10-01
Sabah,null,2016-10-01
Sarawak,null,2016-10-01
Selangor,null,2016-10-01
Terengganu,null,2016-10-01
Wilayah Persekutuan,null,2016-10-01
Malaysia,null,2016-10-01
Johor,null,2016-11-01
Kedah,null,2016-11-01
Kelantan,null,2016-11-01
Melaka,null,2016-11-01
Negeri Sembilan,null,2016-11-01
Pahang,null,2016-11-01
Perak,null,2016-11-01
Perlis,null,2016-11-01
Pulau Pinang,null,2016-11-01
Sabah,null,2016-11-01
Sarawak,null,2016-11-01
Selangor,null,2016-11-01
Terengganu,null,2016-11-01
Wilayah Persekutuan,null,2016-11-01
Malaysia,null,2016-11-01
Johor,null,2016-12-01
Kedah,null,2016-12-01
Kelantan,null,2016-12-01
Melaka,null,2016-12-01
Negeri Sembilan,null,2016-12-01
Pahang,null,2016-12-01
Perak,null,2016-12-01
Perlis,null,2016-12-01
Pulau Pinang,null,2016-12-01
Sabah,null,2016-12-01
Sarawak,null,2016-12-01
Selangor,null,2016-12-01
Terengganu,null,2016-12-01
Wilayah Persekutuan,null,2016-12-01
Malaysia,null,2016-12-01
