state,aqi,density
Melaka,3.0,2.340135518183085e-06
Melaka,3.59,3.871758617300983e-06
Melaka,4.18,7.754675299557275e-06
Melaka,4.76,1.675712558364611e-05
Melaka,5.35,3.496367821127507e-05
Melaka,5.94,6.727573751785754e-05
Melaka,6.53,0.0001182999521736
Melaka,7.12,0.0001912251734823
Melaka,7.7,0.0002879421402143
Melaka,8.29,0.0004112767219673
Melaka,8.88,0.0005681632616325
Melaka,9.47,0.0007703798354726
Melaka,10.06,0.0010303556368806
Melaka,10.64,0.0013543539256531
Melaka,11.23,0.001739152870081
Melaka,11.82,0.002175455141703
Melaka,12.41,0.0026539823689038
Melaka,12.99,0.0031678710014571
Melaka,13.58,0.0037108837779796
Melaka,14.17,0.0042762682963437
Melaka,14.76,0.0048579711968713
Melaka,15.35,0.0054506238558534
Melaka,15.93,0.0060472840779184
Melaka,16.52,0.0066397554476283
Melaka,17.11,0.0072231988450051
Melaka,17.7,0.0077979138490843
Melaka,18.29,0.008362807244479
Melaka,18.87,0.0089079901941092
Melaka,19.46,0.0094180090253365
Melaka,20.05,0.0098837374483241
Melaka,20.64,0.0103096133334679
Melaka,21.23,0.010710608101581
Melaka,21.81,0.0111066457175373
Melaka,22.4,0.0115203013987103
Melaka,22.99,0.0119719289924845
Melaka,23.58,0.0124663669922011
Melaka,24.17,0.0129797236162143
Melaka,24.75,0.013462258145824
Melaka,25.34,0.0138601714991768
Melaka,25.93,0.0141401469062423
Melaka,26.52,0.0142997520845847
Melaka,27.11,0.0143635259220903
Melaka,27.69,0.0143748670615071
Melaka,28.28,0.0143863574051816
Melaka,28.87,0.014442561695037
Melaka,29.46,0.0145573713935387
Melaka,30.05,0.0147038352744918
Melaka,30.63,0.0148334557685384
Melaka,31.22,0.0149167492951211
Melaka,31.81,0.0149718099333493
Melaka,32.4,0.0150538557950714
Melaka,32.98,0.0152143312035806
Melaka,33.57,0.0154651178627362
Melaka,34.16,0.0157736983286334
Melaka,34.75,0.0160847743898805
Melaka,35.34,0.0163474774344123
Melaka,35.92,0.0165334338928151
Melaka,36.51,0.0166417469711127
Melaka,37.1,0.0166915404677474
Melaka,37.69,0.0167073403509198
Melaka,38.28,0.0167088889581242
Melaka,38.86,0.0167134103543141
Melaka,39.45,0.0167424235010579
Melaka,40.04,0.0168165350359171
Melaka,40.63,0.0169362966075227
Melaka,41.22,0.0170694225899035
Melaka,41.8,0.0171637826613895
Melaka,42.39,0.0171790376774309
Melaka,42.98,0.017109093434599
Melaka,43.57,0.0169770566585892
Melaka,44.16,0.0168113205811533
Melaka,44.74,0.0166258151543359
Melaka,45.33,0.016419057253341
Melaka,45.92,0.0161901955289
Melaka,46.51,0.0159621442326778
Melaka,47.1,0.0158041325269024
Melaka,47.68,0.0158499183639696
Melaka,48.27,0.0163041348838527
Melaka,48.86,0.0174174140586924
Melaka,49.45,0.0194074317823336
Melaka,50.04,0.0223310289752915
Melaka,50.62,0.0259690807987151
Melaka,51.21,0.0298203609097343
Melaka,51.8,0.0332533108395455
Melaka,52.39,0.0357468533739554
Melaka,52.97,0.0370687832378887
Melaka,53.56,0.037287790958442
Melaka,54.15,0.0366511249547271
Melaka,54.74,0.0354434206848904
Melaka,55.33,0.0339065252250202
Melaka,55.91,0.0322191208116307
Melaka,56.5,0.0305015970162118
Melaka,57.09,0.0288273432888216
Melaka,57.68,0.0272365062403661
Melaka,58.27,0.0257463382929073
Melaka,58.85,0.0243533081365887
Melaka,59.44,0.0230329536155057
Melaka,60.03,0.0217484492793506
Melaka,60.62,0.0204695028730059
Melaka,61.21,0.0191902037071992
Melaka,61.79,0.0179318792445339
Melaka,62.38,0.0167277991637729
Melaka,62.97,0.0156014938898144
Melaka,63.56,0.0145556015664027
Melaka,64.15,0.0135777270132375
Melaka,64.73,0.0126539535705037
Melaka,65.32,0.0117758060340021
Melaka,65.91,0.0109368899296091
Melaka,66.5,0.0101283653933455
Melaka,67.09,0.0093427007086745
Melaka,67.67,0.0085829029442173
Melaka,68.26,0.0078652875936782
Melaka,68.85,0.0072099511227162
Melaka,69.44,0.0066271842346775
Melaka,70.03,0.0061125619372723
Melaka,70.61,0.0056536000031363
Melaka,71.2,0.0052397924092418
Melaka,71.79,0.0048674208939665
Melaka,72.38,0.0045373261471246
Melaka,72.96,0.004248863668326
Melaka,73.55,0.0039949621462106
Melaka,74.14,0.0037628634193866
Melaka,74.73,0.0035407126490427
Melaka,75.32,0.0033236982014938
Melaka,75.9,0.0031133973536704
Melaka,76.49,0.0029120136605922
Melaka,77.08,0.0027188762683152
Melaka,77.67,0.0025324054339944
Melaka,78.26,0.0023532760218338
Melaka,78.84,0.0021840311977741
Melaka,79.43,0.0020262438251622
Melaka,80.02,0.0018794346235489
Melaka,80.61,0.0017426464333149
Melaka,81.2,0.0016155916621638
Melaka,81.78,0.0014973662221104
Melaka,82.37,0.0013847794103384
Melaka,82.96,0.0012733963702789
Melaka,83.55,0.0011610303631732
Melaka,84.14,0.0010502130924917
Melaka,84.72,0.0009471312807594
Melaka,85.31,0.0008581518673644
Melaka,85.9,0.0007869765579802
Melaka,86.49,0.00073407120595
Melaka,87.08,0.0006976320027362
Melaka,87.66,0.0006745727635079
Melaka,88.25,0.0006609532243682
Melaka,88.84,0.0006523544013398
Melaka,89.43,0.0006447611281404
Melaka,90.02,0.000635641648157
Melaka,90.6,0.0006242086113263
Melaka,91.19,0.0006103522309042
Melaka,91.78,0.0005931909024952
Melaka,92.37,0.0005708821768348
Melaka,92.95,0.0005420869665274
Melaka,93.54,0.0005075406274938
Melaka,94.13,0.0004700057285704
Melaka,94.72,0.0004327406428579
Melaka,95.31,0.0003980596574106
Melaka,95.89,0.0003669095769571
Melaka,96.48,0.0003390562603487
Melaka,97.07,0.0003133988631831
Melaka,97.66,0.0002886055747404
Melaka,98.25,0.000264173071801
Melaka,98.83,0.0002412669913188
Melaka,99.42,0.0002224962178119
Melaka,100.01,0.0002104981396527
Melaka,100.6,0.000206221047254
Melaka,101.19,0.000208160369152
Melaka,101.77,0.0002130762996089
Melaka,102.36,0.0002175131913672
Melaka,102.95,0.0002189850612844
Melaka,103.54,0.0002163310443611
Melaka,104.13,0.0002095571837252
Melaka,104.71,0.0001995995030566
Melaka,105.3,0.0001880519358681
Melaka,105.89,0.0001766986665022
Melaka,106.48,0.0001669101370846
Melaka,107.07,0.0001592411036866
Melaka,107.65,0.0001535182276436
Melaka,108.24,0.0001493494354312
Melaka,108.83,0.0001466555164971
Melaka,109.42,0.0001457780196122
Melaka,110.01,0.0001469929479428
Melaka,110.59,0.0001497400903018
Melaka,111.18,0.0001522872414539
Melaka,111.77,0.0001524274781343
Melaka,112.36,0.0001489406883534
Melaka,112.94,0.0001426079690877
Melaka,113.53,0.0001357200873349
Melaka,114.12,0.0001304046533666
Melaka,114.71,0.00012725579861
Melaka,115.3,0.000125340012287
Melaka,115.88,0.000123209676028
Melaka,116.47,0.0001197760332636
Melaka,117.06,0.0001144462183803
Melaka,117.65,0.000106850668063
Melaka,118.24,9.670356127541566e-05
Melaka,118.82,8.39397773804784e-05
Melaka,119.41,6.895974073194631e-05
Melaka,120.0,5.279694632541381e-05
Kedah,1.0,4.524724888062626e-05
Kedah,1.6,6.67272919101509e-05
Kedah,2.2,8.959758972776989e-05
Kedah,2.79,0.0001113257865626
Kedah,3.39,0.0001308969414825
Kedah,3.99,0.0001503921185447
Kedah,4.59,0.0001754569395548
Kedah,5.19,0.0002145222065424
Kedah,5.78,0.0002780008976575
Kedah,6.38,0.0003782054398811
Kedah,6.98,0.0005287634203688
Kedah,7.58,0.0007426176186893
Kedah,8.18,0.0010302567687463
Kedah,8.77,0.0013996670413538
Kedah,9.37,0.0018566000378769
Kedah,9.97,0.0024037881370752
Kedah,10.57,0.003040642205087
Kedah,11.17,0.0037648642494833
Kedah,11.76,0.004573716425949
Kedah,12.36,0.0054612468379164
Kedah,12.96,0.0064123169439467
Kedah,13.56,0.0074008235954845
Kedah,14.16,0.0083983027545986
Kedah,14.75,0.0093872350167583
Kedah,15.35,0.0103652617980229
Kedah,15.95,0.0113362016649395
Kedah,16.55,0.0122986293922945
Kedah,17.15,0.0132402799929872
Kedah,17.74,0.0141342857820921
Kedah,18.34,0.0149382369628688
Kedah,18.94,0.015611188133814
Kedah,19.54,0.0161482305616458
Kedah,20.14,0.016596851200711
Kedah,20.73,0.0170264422825171
Kedah,21.33,0.0174761233444122
Kedah,21.93,0.0179318904886471
Kedah,22.53,0.0183496025960581
Kedah,23.13,0.0186941759275693
Kedah,23.72,0.0189552811426804
Kedah,24.32,0.0191313960808043
Kedah,24.92,0.0192150597749331
Kedah,25.52,0.0192080324242369
Kedah,26.12,0.0191448833170675
Kedah,26.71,0.0190859689478108
Kedah,27.31,0.0190866821157382
Kedah,27.91,0.0191816467380406
Kedah,28.51,0.0193909975349931
Kedah,29.11,0.0197198434861323
Kedah,29.7,0.0201392041723958
Kedah,30.3,0.0205754905752188
Kedah,30.9,0.0209354119551109
Kedah,31.5,0.0211533471435762
Kedah,32.1,0.0212205825217044
Kedah,32.69,0.021173137388926
Kedah,33.29,0.0210552149639903
Kedah,33.89,0.0208933332054467
Kedah,34.49,0.0206957140381877
Kedah,35.09,0.0204623562317274
Kedah,35.68,0.0201896744779029
Kedah,36.28,0.0198728123379103
Kedah,36.88,0.0195138064629751
Kedah,37.48,0.0191300019707441
Kedah,38.08,0.0187514000534019
Kedah,38.67,0.0184070612849404
Kedah,39.27,0.0181124891485515
Kedah,39.87,0.0178685084676115
Kedah,40.47,0.0176686809300314
Kedah,41.07,0.0175020739365877
Kedah,41.66,0.0173481132083519
Kedah,42.26,0.0171780995877613
Kedah,42.86,0.0169722423258732
Kedah,43.46,0.0167365490039084
Kedah,44.06,0.0164994363610941
Kedah,44.65,0.0162907696214591
Kedah,45.25,0.0161224258537037
Kedah,45.85,0.0159827294241324
Kedah,46.45,0.015847223111667
Kedah,47.05,0.0157082741249927
Kedah,47.64,0.015621642067895
Kedah,48.24,0.0157518904818772
Kedah,48.84,0.016381126132155
Kedah,49.44,0.0178348788776872
Kedah,50.04,0.0203013311084367
Kedah,50.63,0.0236147204623584
Kedah,51.23,0.0271816470685103
Kedah,51.83,0.0301860452425214
Kedah,52.43,0.0319770280003776
Kedah,53.03,0.0323521281628247
Kedah,53.62,0.0315384410672836
Kedah,54.22,0.0299561491010264
Kedah,54.82,0.0279966252609382
Kedah,55.42,0.0259378520835757
Kedah,56.02,0.023953615156471
Kedah,56.61,0.0221377594262309
Kedah,57.21,0.0205206640340162
Kedah,57.81,0.0190860678893466
Kedah,58.41,0.0177873721689356
Kedah,59.01,0.0165612849947649
Kedah,59.6,0.0153473047122868
Kedah,60.2,0.0141145166450806
Kedah,60.8,0.0128777651675335
Kedah,61.4,0.0116859235312343
Kedah,61.99,0.0105894669172733
Kedah,62.59,0.0096129847877318
Kedah,63.19,0.0087508074430258
Kedah,63.79,0.0079824424103355
Kedah,64.39,0.007290951261038
Kedah,64.98,0.0066700420499674
Kedah,65.58,0.0061184244829927
Kedah,66.18,0.0056304349577176
Kedah,66.78,0.0051915500055563
Kedah,67.38,0.004780906642405
Kedah,67.97,0.0043793750883951
Kedah,68.57,0.0039793404167731
Kedah,69.17,0.0035883088731522
Kedah,69.77,0.0032210101109137
Kedah,70.37,0.0028863675789454
Kedah,70.96,0.0025820284701202
Kedah,71.56,0.0023004313864842
Kedah,72.16,0.0020381577816514
Kedah,72.76,0.0017996325330971
Kedah,73.36,0.001594633631296
Kedah,73.95,0.0014337007294334
Kedah,74.55,0.0013233130496901
Kedah,75.15,0.0012611121427513
Kedah,75.75,0.001233671395702
Kedah,76.35,0.0012202551851926
Kedah,76.94,0.0012018274832342
Kedah,77.54,0.0011689884861016
Kedah,78.14,0.001122494454415
Kedah,78.74,0.0010668851035477
Kedah,79.34,0.0010042674977187
Kedah,79.93,0.0009339636053459
Kedah,80.53,0.0008566517129494
Kedah,81.13,0.000777476110579
Kedah,81.73,0.0007048739582889
Kedah,82.33,0.0006461991227859
Kedah,82.92,0.0006032850509047
Kedah,83.52,0.0005710706022785
Kedah,84.12,0.0005408979196953
Kedah,84.72,0.0005064422951162
Kedah,85.32,0.000467331497773
Kedah,85.91,0.000427821923126
Kedah,86.51,0.0003929694019288
Kedah,87.11,0.0003659496505574
Kedah,87.71,0.0003473717739179
Kedah,88.31,0.0003356108181786
Kedah,88.9,0.0003277117466069
Kedah,89.5,0.0003207590135558
Kedah,90.1,0.0003129626849931
Kedah,90.7,0.0003036739524183
Kedah,91.3,0.000292637547799
Kedah,91.89,0.0002795601584294
Kedah,92.49,0.0002644938824276
Kedah,93.09,0.0002484091204393
Kedah,93.69,0.0002329974903252
Kedah,94.29,0.0002195181519334
Kedah,94.88,0.0002076530191593
Kedah,95.48,0.0001957642939942
Kedah,96.08,0.0001828079601531
Kedah,96.68,0.0001700369047239
Kedah,97.28,0.0001600901018802
Kedah,97.87,0.0001538050238921
Kedah,98.47,0.0001483418155564
Kedah,99.07,0.0001393112209183
Kedah,99.67,0.0001249004908098
Kedah,100.27,0.0001074549114059
Kedah,100.86,9.10954148671027e-05
Kedah,101.46,7.84666298573304e-05
Kedah,102.06,6.97854195827517e-05
Kedah,102.66,6.396004272573107e-05
Kedah,103.26,5.977890841457151e-05
Kedah,103.85,5.632444174733483e-05
Kedah,104.45,5.304014485206412e-05
Kedah,105.05,4.974031615874392e-05
Kedah,105.65,4.649249588393289e-05
Kedah,106.25,4.348139572792927e-05
Kedah,106.84,4.094301213018902e-05
Kedah,107.44,3.8994160942650754e-05
Kedah,108.04,3.743934959687829e-05
Kedah,108.64,3.597221659170254e-05
Kedah,109.24,3.469795452360313e-05
Kedah,109.83,3.426033435642388e-05
Kedah,110.43,3.5225892379429373e-05
Kedah,111.03,3.731800382739331e-05
Kedah,111.63,3.930527076415845e-05
Kedah,112.23,3.967160102316212e-05
Kedah,112.82,3.755173181945757e-05
Kedah,113.42,3.329880157877237e-05
Kedah,114.02,2.8292573332832527e-05
Kedah,114.62,2.4109315030500946e-05
Kedah,115.22,2.169533885660287e-05
Kedah,115.81,2.110590794733719e-05
Kedah,116.41,2.1755702862473224e-05
Kedah,117.01,2.278220758348918e-05
Kedah,117.61,2.329342798170026e-05
Kedah,118.21,2.252704370484325e-05
Kedah,118.8,2.0049797096616865e-05
Kedah,119.4,1.601694848347086e-05
Kedah,120.0,1.1240552872960205e-05
Pulau Pinang,1.0,5.349513704770628e-06
Pulau Pinang,1.6,7.114171087865447e-06
Pulau Pinang,2.2,8.617710978171865e-06
Pulau Pinang,2.79,9.610860408042929e-06
Pulau Pinang,3.39,1.0490919123340017e-05
Pulau Pinang,3.99,1.3184381574103716e-05
Pulau Pinang,4.59,2.1786130359578486e-05
Pulau Pinang,5.19,4.259170067055462e-05
Pulau Pinang,5.78,8.328656579879161e-05
Pulau Pinang,6.38,0.0001508665120597
Pulau Pinang,6.98,0.0002487214270855
Pulau Pinang,7.58,0.0003754508377267
Pulau Pinang,8.18,0.0005277799172473
Pulau Pinang,8.77,0.000705269584986
Pulau Pinang,9.37,0.0009114228433109
Pulau Pinang,9.97,0.0011504405711189
Pulau Pinang,10.57,0.0014251891559375
Pulau Pinang,11.17,0.0017401090615427
Pulau Pinang,11.76,0.0021048714104297
Pulau Pinang,12.36,0.0025307841663647
Pulau Pinang,12.96,0.003018966676156
Pulau Pinang,13.56,0.0035526332892022
Pulau Pinang,14.16,0.0041063868667688
Pulau Pinang,14.75,0.0046638839530374
Pulau Pinang,15.35,0.0052218438003415
Pulau Pinang,15.95,0.0057804795749623
Pulau Pinang,16.55,0.0063419451170286
Pulau Pinang,17.15,0.0069176223736987
Pulau Pinang,17.74,0.0075195835873365
Pulau Pinang,18.34,0.0081349565586877
Pulau Pinang,18.94,0.0087200364148826
Pulau Pinang,19.54,0.0092326901091492
Pulau Pinang,20.14,0.0096666888944524
Pulau Pinang,20.73,0.0100488576836592
Pulau Pinang,21.33,0.010413604440778
Pulau Pinang,21.93,0.0107910148156525
Pulau Pinang,22.53,0.0112098429858982
Pulau Pinang,23.13,0.0116902515393583
Pulau Pinang,23.72,0.0122182483914363
Pulau Pinang,24.32,0.0127296223975991
Pulau Pinang,24.92,0.0131414904756826
Pulau Pinang,25.52,0.0134207975153414
Pulau Pinang,26.12,0.0136169015330194
Pulau Pinang,26.71,0.0138142673045251
Pulau Pinang,27.31,0.0140622090053726
Pulau Pinang,27.91,0.014361612299949
Pulau Pinang,28.51,0.0147024376340699
Pulau Pinang,29.11,0.0150850036251233
Pulau Pinang,29.7,0.0154961470434603
Pulau Pinang,30.3,0.0158798784846324
Pulau Pinang,30.9,0.0161555795981016
Pulau Pinang,31.5,0.0162821415453518
Pulau Pinang,32.1,0.0163049159425456
Pulau Pinang,32.69,0.0163318293935914
Pulau Pinang,33.29,0.016460486426861
Pulau Pinang,33.89,0.0167242439201906
Pulau Pinang,34.49,0.0170894905243144
Pulau Pinang,35.09,0.0174815479525284
Pulau Pinang,35.68,0.0178153380576213
Pulau Pinang,36.28,0.0180312040220922
Pulau Pinang,36.88,0.0181250919323531
Pulau Pinang,37.48,0.0181436987102714
Pulau Pinang,38.08,0.0181451425115395
Pulau Pinang,38.67,0.0181649640118408
Pulau Pinang,39.27,0.0182126151702593
Pulau Pinang,39.87,0.0182830206815738
Pulau Pinang,40.47,0.0183592023775838
Pulau Pinang,41.07,0.01840558741875
Pulau Pinang,41.66,0.0183729678999974
Pulau Pinang,42.26,0.0182269727884066
Pulau Pinang,42.86,0.017976578203568
Pulau Pinang,43.46,0.0176678019759048
Pulau Pinang,44.06,0.0173487458489568
Pulau Pinang,44.65,0.0170480561030358
Pulau Pinang,45.25,0.0167835857507073
Pulau Pinang,45.85,0.0165744765275708
Pulau Pinang,46.45,0.0164360552721764
Pulau Pinang,47.05,0.0163789573606611
Pulau Pinang,47.64,0.0164467010434702
Pulau Pinang,48.24,0.0167859161507586
Pulau Pinang,48.84,0.0176875533010131
Pulau Pinang,49.44,0.0195175784609466
Pulau Pinang,50.04,0.0225090403863198
Pulau Pinang,50.63,0.0265120945853901
Pulau Pinang,51.23,0.0309040189387033
Pulau Pinang,51.83,0.0348018503109106
Pulau Pinang,52.43,0.037478179248177
Pulau Pinang,53.03,0.0386780476665853
Pulau Pinang,53.62,0.0386182830709616
Pulau Pinang,54.22,0.0377416220443525
Pulau Pinang,54.82,0.0364605070924226
Pulau Pinang,55.42,0.0350310932283122
Pulau Pinang,56.02,0.0335454720912962
Pulau Pinang,56.61,0.0319829591852367
Pulau Pinang,57.21,0.0302809354196053
Pulau Pinang,57.81,0.0284018316758789
Pulau Pinang,58.41,0.0263758995678786
Pulau Pinang,59.01,0.0243015761033803
Pulau Pinang,59.6,0.0223029536099051
Pulau Pinang,60.2,0.0204751360456439
Pulau Pinang,60.8,0.0188564996361429
Pulau Pinang,61.4,0.0174357374919711
Pulau Pinang,61.99,0.0161711421698707
Pulau Pinang,62.59,0.0150064526668765
Pulau Pinang,63.19,0.0138893828513196
Pulau Pinang,63.79,0.0127951015290843
Pulau Pinang,64.39,0.0117364730976071
Pulau Pinang,64.98,0.0107462081086313
Pulau Pinang,65.58,0.0098445051624445
Pulau Pinang,66.18,0.0090212948235103
Pulau Pinang,66.78,0.0082471005285332
Pulau Pinang,67.38,0.0075002280312116
Pulau Pinang,67.97,0.0067855404509977
Pulau Pinang,68.57,0.0061294554590409
Pulau Pinang,69.17,0.0055572217477392
Pulau Pinang,69.77,0.0050731785043162
Pulau Pinang,70.37,0.0046597532163975
Pulau Pinang,70.96,0.0042925292599332
Pulau Pinang,71.56,0.0039561403119834
Pulau Pinang,72.16,0.0036492186406541
Pulau Pinang,72.76,0.00337783106131
Pulau Pinang,73.36,0.0031446355295519
Pulau Pinang,73.95,0.0029425891741963
Pulau Pinang,74.55,0.0027574610695585
Pulau Pinang,75.15,0.0025755833240928
Pulau Pinang,75.75,0.0023902038192409
Pulau Pinang,76.35,0.0022034187399198
Pulau Pinang,76.94,0.0020239686734228
Pulau Pinang,77.54,0.0018619634827412
Pulau Pinang,78.14,0.0017231991896647
Pulau Pinang,78.74,0.0016065376497147
Pulau Pinang,79.34,0.0015053566794734
Pulau Pinang,79.93,0.0014115105131492
Pulau Pinang,80.53,0.0013196359582622
Pulau Pinang,81.13,0.0012293906330799
Pulau Pinang,81.73,0.0011439233303466
Pulau Pinang,82.33,0.0010657501702139
Pulau Pinang,82.92,0.0009935450167843
Pulau Pinang,83.52,0.0009224564329159
Pulau Pinang,84.12,0.0008476770923597
Pulau Pinang,84.72,0.0007685875210567
Pulau Pinang,85.32,0.0006901132071775
Pulau Pinang,85.91,0.0006196479911817
Pulau Pinang,86.51,0.0005616324875666
Pulau Pinang,87.11,0.0005145479859072
Pulau Pinang,87.71,0.0004731159686085
Pulau Pinang,88.31,0.0004332483328656
Pulau Pinang,88.9,0.0003947773397427
Pulau Pinang,89.5,0.0003600592557181
Pulau Pinang,90.1,0.0003310172384701
Pulau Pinang,90.7,0.0003078062674092
Pulau Pinang,91.3,0.0002894991222156
Pulau Pinang,91.89,0.0002752645138436
Pulau Pinang,92.49,0.0002649048943795
Pulau Pinang,93.09,0.0002584905391206
Pulau Pinang,93.69,0.0002553697646826
Pulau Pinang,94.29,0.0002535784825312
Pulau Pinang,94.88,0.0002508557541968
Pulau Pinang,95.48,0.0002469201442592
Pulau Pinang,96.08,0.0002444927855628
Pulau Pinang,96.68,0.0002467978782408
Pulau Pinang,97.28,0.0002530595308236
Pulau Pinang,97.87,0.000256994520985
Pulau Pinang,98.47,0.0002510131140705
Pulau Pinang,99.07,0.0002322698126172
Pulau Pinang,99.67,0.0002045045535907
Pulau Pinang,100.27,0.0001748205964365
Pulau Pinang,100.86,0.0001494703428509
Pulau Pinang,101.46,0.0001316245643881
Pulau Pinang,102.06,0.0001209734762181
Pulau Pinang,102.66,0.0001146313690263
Pulau Pinang,103.26,0.0001093903917224
Pulau Pinang,103.85,0.0001040201266774
Pulau Pinang,104.45,9.93528106535434e-05
Pulau Pinang,105.05,9.620665063567616e-05
Pulau Pinang,105.65,9.38615565567754e-05
Pulau Pinang,106.25,9.07904512657536e-05
Pulau Pinang,106.84,8.639409497234498e-05
Pulau Pinang,107.44,8.164517575730766e-05
Pulau Pinang,108.04,7.8155014434897e-05
Pulau Pinang,108.64,7.678459256476389e-05
Pulau Pinang,109.24,7.703947641491731e-05
Pulau Pinang,109.83,7.752768142336488e-05
Pulau Pinang,110.43,7.688333636797082e-05
Pulau Pinang,111.03,7.446080776662617e-05
Pulau Pinang,111.63,7.054678044021938e-05
Pulau Pinang,112.23,6.61839496064076e-05
Pulau Pinang,112.82,6.272536119602214e-05
Pulau Pinang,113.42,6.120818628700464e-05
Pulau Pinang,114.02,6.174667818763554e-05
Pulau Pinang,114.62,6.327525027206759e-05
Pulau Pinang,115.22,6.396241953922021e-05
Pulau Pinang,115.81,6.232692489419063e-05
Pulau Pinang,116.41,5.840487934959131e-05
Pulau Pinang,117.01,5.382513409635389e-05
Pulau Pinang,117.61,5.042411283068647e-05
Pulau Pinang,118.21,4.859383976049872e-05
Pulau Pinang,118.8,4.688565856018122e-05
Pulau Pinang,119.4,4.31169030028093e-05
Pulau Pinang,120.0,3.604676444742568e-05
Pahang,1.0,9.604119059651235e-06
Pahang,1.6,1.4774307131731058e-05
Pahang,2.2,2.236585420656965e-05
Pahang,2.79,3.464249414868453e-05
Pahang,3.39,5.4775535431980135e-05
Pahang,3.99,8.595095961275759e-05
Pahang,4.59,0.0001313053719095
Pahang,5.19,0.0001959141148002
Pahang,5.78,0.0002892830462138
Pahang,6.38,0.0004238863484893
Pahang,6.98,0.0006078078616908
Pahang,7.58,0.0008380183413835
Pahang,8.18,0.0011042997268284
Pahang,8.77,0.001402879513412
Pahang,9.37,0.0017453818381954
Pahang,9.97,0.0021531734601106
Pahang,10.57,0.0026452388988262
Pahang,11.17,0.0032341058980144
Pahang,11.76,0.0039298276106123
Pahang,12.36,0.0047367240068729
Pahang,12.96,0.0056360785603384
Pahang,13.56,0.0065750627409606
Pahang,14.16,0.0074881862692491
Pahang,14.75,0.0083406547338867
Pahang,15.35,0.0091489664797339
Pahang,15.95,0.0099582488980891
Pahang,16.55,0.0108063373194249
Pahang,17.15,0.0117077534986614
Pahang,17.74,0.0126526458659581
Pahang,18.34,0.0136046949924447
Pahang,18.94,0.0145081578891127
Pahang,19.54,0.0153175153062317
Pahang,20.14,0.0160277988691086
Pahang,20.73,0.0166728823470839
Pahang,21.33,0.0172984102588161
Pahang,21.93,0.0179430215488489
Pahang,22.53,0.0186364334898772
Pahang,23.13,0.0193917048857307
Pahang,23.72,0.020181762344907
Pahang,24.32,0.0209282134397694
Pahang,24.92,0.0215350027441311
Pahang,25.52,0.0219509632111813
Pahang,26.12,0.0222011947736164
Pahang,26.71,0.0223552606025873
Pahang,27.31,0.0224715687852563
Pahang,27.91,0.0225755137218102
Pahang,28.51,0.022675561576692
Pahang,29.11,0.0227776010692654
Pahang,29.7,0.0228758262979783
Pahang,30.3,0.0229408893100142
Pahang,30.9,0.0229337348439915
Pahang,31.5,0.0228388545191835
Pahang,32.1,0.0226808782292867
Pahang,32.69,0.0225050879895659
Pahang,33.29,0.0223432341804334
Pahang,33.89,0.0221953971868399
Pahang,34.49,0.0220327483251729
Pahang,35.09,0.0218102616903921
Pahang,35.68,0.0214864886491794
Pahang,36.28,0.0210492889607256
Pahang,36.88,0.0205315984243741
Pahang,37.48,0.0199988511848913
Pahang,38.08,0.0195144477580126
Pahang,38.67,0.0191115894323877
Pahang,39.27,0.0187896868992114
Pahang,39.87,0.0185272983632101
Pahang,40.47,0.018294339037474
Pahang,41.07,0.0180584635691265
Pahang,41.66,0.01779197561603
Pahang,42.26,0.0174816185645292
Pahang,42.86,0.0171335582929901
Pahang,43.46,0.0167670699910753
Pahang,44.06,0.01640205782138
Pahang,44.65,0.0160502070249611
Pahang,45.25,0.0157124020502295
Pahang,45.85,0.0153805730161156
Pahang,46.45,0.0150465141822248
Pahang,47.05,0.0147229296085765
Pahang,47.64,0.0144778930039148
Pahang,48.24,0.0144753041963001
Pahang,48.84,0.014994134440405
Pahang,49.44,0.0163705746668886
Pahang,50.04,0.0188175005396115
Pahang,50.63,0.0221791882884468
Pahang,51.23,0.0258169748716918
Pahang,51.83,0.0288102500119618
Pahang,52.43,0.0304104088174998
Pahang,53.03,0.0304192142125592
Pahang,53.62,0.0292027731372845
Pahang,54.22,0.0273809281662408
Pahang,54.82,0.025473689676629
Pahang,55.42,0.0237274726115687
Pahang,56.02,0.0221484904682941
Pahang,56.61,0.0206429158772106
Pahang,57.21,0.0191412226859063
Pahang,57.81,0.017640191480034
Pahang,58.41,0.0161782607470427
Pahang,59.01,0.0147959006990716
Pahang,59.6,0.0135135539787064
Pahang,60.2,0.0123331512823327
Pahang,60.8,0.0112532830029877
Pahang,61.4,0.0102789725184843
Pahang,61.99,0.0094154394653992
Pahang,62.59,0.0086559884332162
Pahang,63.19,0.0079799933888897
Pahang,63.79,0.0073630439701437
Pahang,64.39,0.0067889688789851
Pahang,64.98,0.0062543985201915
Pahang,65.58,0.0057640445593957
Pahang,66.18,0.0053212731694638
Pahang,66.78,0.0049214886430261
Pahang,67.38,0.0045528990994716
Pahang,67.97,0.0042022715566219
Pahang,68.57,0.0038613351831807
Pahang,69.17,0.0035327411288669
Pahang,69.77,0.0032323650441221
Pahang,70.37,0.0029811803075043
Pahang,70.96,0.0027887924120315
Pahang,71.56,0.0026429652450599
Pahang,72.16,0.0025154658730521
Pahang,72.76,0.0023795567290306
Pahang,73.36,0.0022259763387242
Pahang,73.95,0.0020660049671844
Pahang,74.55,0.0019194138859641
Pahang,75.15,0.0017978108468804
Pahang,75.75,0.0016980923287515
Pahang,76.35,0.0016093095713249
Pahang,76.94,0.0015225760890673
Pahang,77.54,0.0014346082348927
Pahang,78.14,0.0013463894005375
Pahang,78.74,0.0012617690694047
Pahang,79.34,0.0011853636798623
Pahang,79.93,0.001118486264294
Pahang,80.53,0.0010568340960501
Pahang,81.13,0.0009932404816907
Pahang,81.73,0.0009230595404178
Pahang,82.33,0.0008475742582601
Pahang,82.92,0.0007732192221692
Pahang,83.52,0.000707141363198
Pahang,84.12,0.0006519789861739
Pahang,84.72,0.0006043101005746
Pahang,85.32,0.0005587377190124
Pahang,85.91,0.0005136584728134
Pahang,86.51,0.0004727965877817
Pahang,87.11,0.0004417584269106
Pahang,87.71,0.0004238134617587
Pahang,88.31,0.000418145926038
Pahang,88.9,0.0004208048893388
Pahang,89.5,0.0004271767193133
Pahang,90.1,0.0004339569076475
Pahang,90.7,0.0004389543978101
Pahang,91.3,0.0004397370685891
Pahang,91.89,0.000433726592966
Pahang,92.49,0.000420023915061
Pahang,93.09,0.0004003504447012
Pahang,93.69,0.0003775261170052
Pahang,94.29,0.0003533502474842
Pahang,94.88,0.0003284646555704
Pahang,95.48,0.0003038822780612
Pahang,96.08,0.0002816396493931
Pahang,96.68,0.000263316941106
Pahang,97.28,0.0002479447955955
Pahang,97.87,0.0002317107998983
Pahang,98.47,0.0002102768496224
Pahang,99.07,0.0001822778621334
Pahang,99.67,0.0001514172453554
Pahang,100.27,0.0001251671757367
Pahang,100.86,0.0001103688217057
Pahang,101.46,0.0001087528814968
Pahang,102.06,0.0001160010498631
Pahang,102.66,0.0001250854990728
Pahang,103.26,0.0001308210719601
Pahang,103.85,0.0001319967360836
Pahang,104.45,0.0001303441276457
Pahang,105.05,0.000128194987895
Pahang,105.65,0.000126721422013
Pahang,106.25,0.0001254427186356
Pahang,106.84,0.000122902061564
Pahang,107.44,0.000118017890301
Pahang,108.04,0.0001111944740299
Pahang,108.64,0.0001043421672197
Pahang,109.24,9.97995894788562e-05
Pahang,109.83,9.894710662279642e-05
Pahang,110.43,0.0001013707471634
Pahang,111.03,0.0001050626483094
Pahang,111.63,0.0001076375634645
Pahang,112.23,0.000107839384649
Pahang,112.82,0.0001061287445345
Pahang,113.42,0.0001037666071433
Pahang,114.02,0.0001013479205487
Pahang,114.62,9.843678516562457e-05
Pahang,115.22,9.467405016877718e-05
Pahang,115.81,9.087724433462132e-05
Pahang,116.41,8.858601808614114e-05
Pahang,117.01,8.839045515576749e-05
Pahang,117.61,8.887031230249785e-05
Pahang,118.21,8.726550355456393e-05
Pahang,118.8,8.115375110953873e-05
Pahang,119.4,6.973952762161662e-05
Pahang,120.0,5.420974665264548e-05
Selangor,2.0,2.107297382556236e-06
Selangor,2.59,1.8821726569975576e-06
Selangor,3.19,1.3481566650324798e-06
Selangor,3.78,8.148214505701068e-07
Selangor,4.37,5.70479029145423e-07
Selangor,4.96,8.821367730558877e-07
Selangor,5.56,2.2193789674340408e-06
Selangor,6.15,5.541339314891377e-06
Selangor,6.74,1.243359314220299e-05
Selangor,7.34,2.488860156042428e-05
Selangor,7.93,4.474779426372824e-05
Selangor,8.52,7.33401423364703e-05
Selangor,9.12,0.0001119153246952
Selangor,9.71,0.0001624046345213
Selangor,10.3,0.0002271812956849
Selangor,10.89,0.0003078208239574
Selangor,11.49,0.0004050173352975
Selangor,12.08,0.0005208681494033
Selangor,12.67,0.000660626952133
Selangor,13.27,0.0008297876288001
Selangor,13.86,0.0010279224230873
Selangor,14.45,0.0012465228300221
Selangor,15.05,0.0014747907651818
Selangor,15.64,0.0017077823070797
Selangor,16.23,0.0019484026860699
Selangor,16.82,0.002202601611119
Selangor,17.42,0.0024740666276747
Selangor,18.01,0.0027618871480999
Selangor,18.6,0.0030601080831137
Selangor,19.2,0.0033593467777992
Selangor,19.79,0.0036512524532489
Selangor,20.38,0.003933501907217
Selangor,20.97,0.0042125347111039
Selangor,21.57,0.0045026974628947
Selangor,22.16,0.0048206079201516
Selangor,22.75,0.0051768482857051
Selangor,23.35,0.0055713414268017
Selangor,23.94,0.0059947221240363
Selangor,24.53,0.0064314657391833
Selangor,25.13,0.0068624206240577
Selangor,25.72,0.0072682552748743
Selangor,26.31,0.0076339161973111
Selangor,26.9,0.0079533911144929
Selangor,27.5,0.008234341495496
Selangor,28.09,0.0084990881151033
Selangor,28.68,0.0087785369041882
Selangor,29.28,0.0091014648611032
Selangor,29.87,0.00948326574696
Selangor,30.46,0.0099168299944334
Selangor,31.06,0.0103717084672977
Selangor,31.65,0.010806871685514
Selangor,32.24,0.0111901232091346
Selangor,32.83,0.0115103563097141
Selangor,33.43,0.0117780468443197
Selangor,34.02,0.0120184428998047
Selangor,34.61,0.0122586814993136
Selangor,35.21,0.0125092063951744
Selangor,35.8,0.0127528485585847
Selangor,36.39,0.0129587900065536
Selangor,36.98,0.0131127998938118
Selangor,37.58,0.0132310875754249
Selangor,38.17,0.0133434670843333
Selangor,38.76,0.0134702368607198
Selangor,39.36,0.0136203272508167
Selangor,39.95,0.0138018351899377
Selangor,40.54,0.0140168002049757
Selangor,41.14,0.0142413205282607
Selangor,41.73,0.014424065154109
Selangor,42.32,0.0145178524905889
Selangor,42.91,0.0145135308432237
Selangor,43.51,0.0144395105216566
Selangor,44.1,0.0143327938311053
Selangor,44.69,0.0142156376372747
Selangor,45.29,0.0140933577326991
Selangor,45.88,0.013964064004703
Selangor,46.47,0.0138332162597198
Selangor,47.07,0.0137361076397452
Selangor,47.66,0.013768466514187
Selangor,48.25,0.0141115977954364
Selangor,48.84,0.0150233744132397
Selangor,49.44,0.0167649365725579
Selangor,50.03,0.0194636980210834
Selangor,50.62,0.0229734418617157
Selangor,51.22,0.026839103469736
Selangor,51.81,0.0304413648337977
Selangor,52.4,0.0332644726849255
Selangor,52.99,0.0351044910817838
Selangor,53.59,0.0360733823142566
Selangor,54.18,0.0364389306599805
Selangor,54.77,0.0364557885097119
Selangor,55.37,0.0362851308112604
Selangor,55.96,0.0359952775465451
Selangor,56.55,0.0355958507209208
Selangor,57.15,0.0350694984235477
Selangor,57.74,0.0343935503617154
Selangor,58.33,0.0335620749630239
Selangor,58.92,0.032602214138016
Selangor,59.52,0.0315618244656055
Selangor,60.11,0.0304748493039977
Selangor,60.7,0.0293457212331153
Selangor,61.3,0.0281713829530726
Selangor,61.89,0.0269689360596903
Selangor,62.48,0.0257734752138639
Selangor,63.08,0.0246142894180945
Selangor,63.67,0.0234990674295666
Selangor,64.26,0.0224136210980148
Selangor,64.85,0.0213283663198965
Selangor,65.45,0.0202103383451436
Selangor,66.04,0.0190403402344174
Selangor,66.63,0.0178271774001787
Selangor,67.23,0.0166119892061764
Selangor,67.82,0.0154574623031064
Selangor,68.41,0.0144197526162031
Selangor,69.01,0.0135180045849875
Selangor,69.6,0.0127260209631456
Selangor,70.19,0.0119917480521866
Selangor,70.78,0.0112690494912009
Selangor,71.38,0.0105435071529373
Selangor,71.97,0.0098362487736855
Selangor,72.56,0.009179367129764
Selangor,73.16,0.0085828249252476
Selangor,73.75,0.0080265109874637
Selangor,74.34,0.0074848909196298
Selangor,74.93,0.0069547348983672
Selangor,75.53,0.0064558367507961
Selangor,76.12,0.0060087133480551
Selangor,76.71,0.0056168578244559
Selangor,77.31,0.0052689576806956
Selangor,77.9,0.0049515395767643
Selangor,78.49,0.0046564496169043
Selangor,79.09,0.0043802238140391
Selangor,79.68,0.0041217412209989
Selangor,80.27,0.0038813374299826
Selangor,80.86,0.0036597151477508
Selangor,81.46,0.0034563577077342
Selangor,82.05,0.0032690868596412
Selangor,82.64,0.0030944476665924
Selangor,83.24,0.0029274624430891
Selangor,83.83,0.0027620684279159
Selangor,84.42,0.0025942682874282
Selangor,85.02,0.0024249995912214
Selangor,85.61,0.0022575900947643
Selangor,86.2,0.0020920237801351
Selangor,86.79,0.0019248415533226
Selangor,87.39,0.0017569534228134
Selangor,87.98,0.0015993359909316
Selangor,88.57,0.0014673837379633
Selangor,89.17,0.0013691483095841
Selangor,89.76,0.0013000371031193
Selangor,90.35,0.0012476551451669
Selangor,90.94,0.0012000632855752
Selangor,91.54,0.0011505140689962
Selangor,92.13,0.0010972917197363
Selangor,92.72,0.0010414656050321
Selangor,93.32,0.0009854679579584
Selangor,93.91,0.0009322532862452
Selangor,94.5,0.0008833616997087
Selangor,95.1,0.0008369836632068
Selangor,95.69,0.000788684573793
Selangor,96.28,0.0007346592618947
Selangor,96.87,0.0006750159241908
Selangor,97.47,0.0006148072398659
Selangor,98.06,0.0005612816448297
Selangor,98.65,0.0005184880368448
Selangor,99.25,0.0004843011726658
Selangor,99.84,0.0004534582692432
Selangor,100.43,0.0004232079244963
Selangor,101.03,0.0003952780238171
Selangor,101.62,0.0003729305995513
Selangor,102.21,0.0003574014036547
Selangor,102.8,0.0003472842040244
Selangor,103.4,0.0003401210914911
Selangor,103.99,0.0003337596147722
Selangor,104.58,0.0003265857994822
Selangor,105.18,0.0003173022576707
Selangor,105.77,0.0003051614210892
Selangor,106.36,0.0002907269015904
Selangor,106.95,0.0002760033940031
Selangor,107.55,0.0002631433517518
Selangor,108.14,0.0002529882994407
Selangor,108.73,0.0002449795616489
Selangor,109.33,0.0002378852680034
Selangor,109.92,0.000230236235294
Selangor,110.51,0.0002209379124173
Selangor,111.11,0.0002105438239162
Selangor,111.7,0.0002017757657043
Selangor,112.29,0.000197826992435
Selangor,112.88,0.0001997476961917
Selangor,113.48,0.0002057549201996
Selangor,114.07,0.0002130230776546
Selangor,114.66,0.0002196912455296
Selangor,115.26,0.0002252828198525
Selangor,115.85,0.0002299953112503
Selangor,116.44,0.0002339545389022
Selangor,117.04,0.0002365862393471
Selangor,117.63,0.0002360368600693
Selangor,118.22,0.0002291825657893
Selangor,118.81,0.0002125694025645
Selangor,119.41,0.0001840389305137
Selangor,120.0,0.000144761882201
Wilayah Persekutuan,1.0,1.6342497924318584e-06
Wilayah Persekutuan,1.6,2.0752606377395704e-06
Wilayah Persekutuan,2.2,2.718390551243603e-06
Wilayah Persekutuan,2.79,3.780839617376408e-06
Wilayah Persekutuan,3.39,5.432921503753154e-06
Wilayah Persekutuan,3.99,7.891446401270537e-06
Wilayah Persekutuan,4.59,1.1928393164054236e-05
Wilayah Persekutuan,5.19,1.9755170978294616e-05
Wilayah Persekutuan,5.78,3.560115240422925e-05
Wilayah Persekutuan,6.38,6.494257540666237e-05
Wilayah Persekutuan,6.98,0.0001121023020988
Wilayah Persekutuan,7.58,0.0001774981589118
Wilayah Persekutuan,8.18,0.000256801997371
Wilayah Persekutuan,8.77,0.0003435910674504
Wilayah Persekutuan,9.37,0.0004346873281561
Wilayah Persekutuan,9.97,0.0005348670238477
Wilayah Persekutuan,10.57,0.0006576278382204
Wilayah Persekutuan,11.17,0.0008217004686299
Wilayah Persekutuan,11.76,0.0010455219154437
Wilayah Persekutuan,12.36,0.0013413169205818
Wilayah Persekutuan,12.96,0.0017100566752438
Wilayah Persekutuan,13.56,0.0021414524427477
Wilayah Persekutuan,14.16,0.0026225690074203
Wilayah Persekutuan,14.75,0.0031488284031416
Wilayah Persekutuan,15.35,0.0037251202070606
Wilayah Persekutuan,15.95,0.004355669678767
Wilayah Persekutuan,16.55,0.0050339965035493
Wilayah Persekutuan,17.15,0.005740076973952
Wilayah Persekutuan,17.74,0.0064429717627461
Wilayah Persekutuan,18.34,0.0071093424169025
Wilayah Persekutuan,18.94,0.0077199788344247
Wilayah Persekutuan,19.54,0.0082864073110967
Wilayah Persekutuan,20.14,0.0088516813560601
Wilayah Persekutuan,20.73,0.0094694894619258
Wilayah Persekutuan,21.33,0.0101757105537541
Wilayah Persekutuan,21.93,0.0109739671340522
Wilayah Persekutuan,22.53,0.0118419520356675
Wilayah Persekutuan,23.13,0.0127442114626244
Wilayah Persekutuan,23.72,0.0136352865724422
Wilayah Persekutuan,24.32,0.0144587147824642
Wilayah Persekutuan,24.92,0.0151626932066561
Wilayah Persekutuan,25.52,0.0157339210763998
Wilayah Persekutuan,26.12,0.016218692234766
Wilayah Persekutuan,26.71,0.0167040062509248
Wilayah Persekutuan,27.31,0.0172701632250242
Wilayah Persekutuan,27.91,0.0179489195255327
Wilayah Persekutuan,28.51,0.0187095471822164
Wilayah Persekutuan,29.11,0.0194742755701924
Wilayah Persekutuan,29.7,0.0201493062852898
Wilayah Persekutuan,30.3,0.0206534656197059
Wilayah Persekutuan,30.9,0.0209390454998274
Wilayah Persekutuan,31.5,0.0210073301192749
Wilayah Persekutuan,32.1,0.0209090455431882
Wilayah Persekutuan,32.69,0.0207191740155138
Wilayah Persekutuan,33.29,0.0205014024105491
Wilayah Persekutuan,33.89,0.0202882842455065
Wilayah Persekutuan,34.49,0.020082275950936
Wilayah Persekutuan,35.09,0.0198683243367556
Wilayah Persekutuan,35.68,0.0196339836457915
Wilayah Persekutuan,36.28,0.0193897570379206
Wilayah Persekutuan,36.88,0.0191698276944192
Wilayah Persekutuan,37.48,0.0190054754075424
Wilayah Persekutuan,38.08,0.0188967462804701
Wilayah Persekutuan,38.67,0.0188124833304788
Wilayah Persekutuan,39.27,0.0187141861052202
Wilayah Persekutuan,39.87,0.0185756888074084
Wilayah Persekutuan,40.47,0.0183834625439143
Wilayah Persekutuan,41.07,0.0181249550459332
Wilayah Persekutuan,41.66,0.0177839701255156
Wilayah Persekutuan,42.26,0.0173563617008505
Wilayah Persekutuan,42.86,0.0168727466992511
Wilayah Persekutuan,43.46,0.0163957457071876
Wilayah Persekutuan,44.06,0.0159831574822381
Wilayah Persekutuan,44.65,0.0156503923384435
Wilayah Persekutuan,45.25,0.0153691373434083
Wilayah Persekutuan,45.85,0.0151020752410407
Wilayah Persekutuan,46.45,0.0148425649846879
Wilayah Persekutuan,47.05,0.0146341829993409
Wilayah Persekutuan,47.64,0.0145743865495738
Wilayah Persekutuan,48.24,0.0148213646251905
Wilayah Persekutuan,48.84,0.0155997679554932
Wilayah Persekutuan,49.44,0.017162165705485
Wilayah Persekutuan,50.04,0.0196660427095383
Wilayah Persekutuan,50.63,0.0230023495240709
Wilayah Persekutuan,51.23,0.026708843330567
Wilayah Persekutuan,51.83,0.0300984221110223
Wilayah Persekutuan,52.43,0.0325674545570348
Wilayah Persekutuan,53.03,0.0338602680703255
Wilayah Persekutuan,53.62,0.0340891183309929
Wilayah Persekutuan,54.22,0.0335462023735847
Wilayah Persekutuan,54.82,0.0325126351728219
Wilayah Persekutuan,55.42,0.0311933636189748
Wilayah Persekutuan,56.02,0.0297384944529701
Wilayah Persekutuan,56.61,0.0282607534194232
Wilayah Persekutuan,57.21,0.0268265631914725
Wilayah Persekutuan,57.81,0.0254547707950938
Wilayah Persekutuan,58.41,0.0241403376966707
Wilayah Persekutuan,59.01,0.0228791003074403
Wilayah Persekutuan,59.6,0.0216676076846932
Wilayah Persekutuan,60.2,0.0204881444190038
Wilayah Persekutuan,60.8,0.0193110269864238
Wilayah Persekutuan,61.4,0.0181207508614313
Wilayah Persekutuan,61.99,0.0169331810895728
Wilayah Persekutuan,62.59,0.0157779039987229
Wilayah Persekutuan,63.19,0.0146677441762389
Wilayah Persekutuan,63.79,0.013595168831706
Wilayah Persekutuan,64.39,0.0125571080866421
Wilayah Persekutuan,64.98,0.0115729855018139
Wilayah Persekutuan,65.58,0.0106720492475414
Wilayah Persekutuan,66.18,0.0098637557795402
Wilayah Persekutuan,66.78,0.0091239339150932
Wilayah Persekutuan,67.38,0.0084121202520762
Wilayah Persekutuan,67.97,0.0077024500274557
Wilayah Persekutuan,68.57,0.0069992628338951
Wilayah Persekutuan,69.17,0.0063282681655409
Wilayah Persekutuan,69.77,0.00571562766549
Wilayah Persekutuan,70.37,0.0051713222568605
Wilayah Persekutuan,70.96,0.0046878382442216
Wilayah Persekutuan,71.56,0.0042538509792907
Wilayah Persekutuan,72.16,0.0038672038470533
Wilayah Persekutuan,72.76,0.0035322175029888
Wilayah Persekutuan,73.36,0.0032477375418629
Wilayah Persekutuan,73.95,0.003003864640963
Wilayah Persekutuan,74.55,0.0027903762591862
Wilayah Persekutuan,75.15,0.0026030103236056
Wilayah Persekutuan,75.75,0.0024392173838644
Wilayah Persekutuan,76.35,0.0022915703064441
Wilayah Persekutuan,76.94,0.0021500778120841
Wilayah Persekutuan,77.54,0.0020117562392597
Wilayah Persekutuan,78.14,0.0018852645878157
Wilayah Persekutuan,78.74,0.0017828102384856
Wilayah Persekutuan,79.34,0.0017058249609133
Wilayah Persekutuan,79.93,0.0016397887742803
Wilayah Persekutuan,80.53,0.0015657038324982
Wilayah Persekutuan,81.13,0.0014776149295539
Wilayah Persekutuan,81.73,0.0013878739326325
Wilayah Persekutuan,82.33,0.0013140486039004
Wilayah Persekutuan,82.92,0.0012600811447767
Wilayah Persekutuan,83.52,0.0012107749977155
Wilayah Persekutuan,84.12,0.0011462969931593
Wilayah Persekutuan,84.72,0.0010620962848155
Wilayah Persekutuan,85.32,0.0009724153626794
Wilayah Persekutuan,85.91,0.0008943893403149
Wilayah Persekutuan,86.51,0.0008324867049433
Wilayah Persekutuan,87.11,0.0007799469832707
Wilayah Persekutuan,87.71,0.0007313078279032
Wilayah Persekutuan,88.31,0.000688963646569
Wilayah Persekutuan,88.9,0.0006577644835825
Wilayah Persekutuan,89.5,0.0006371634687202
Wilayah Persekutuan,90.1,0.0006214592871431
Wilayah Persekutuan,90.7,0.0006065273446251
Wilayah Persekutuan,91.3,0.0005929738672855
Wilayah Persekutuan,91.89,0.0005816427228813
Wilayah Persekutuan,92.49,0.0005686321331571
Wilayah Persekutuan,93.09,0.0005474835503424
Wilayah Persekutuan,93.69,0.0005160765973031
Wilayah Persekutuan,94.29,0.0004797169021385
Wilayah Persekutuan,94.88,0.0004471950066118
Wilayah Persekutuan,95.48,0.0004243311429776
Wilayah Persekutuan,96.08,0.0004103599472916
Wilayah Persekutuan,96.68,0.0003990337643346
Wilayah Persekutuan,97.28,0.0003836029866764
Wilayah Persekutuan,97.87,0.0003621684161347
Wilayah Persekutuan,98.47,0.0003384994718977
Wilayah Persekutuan,99.07,0.0003174134257351
Wilayah Persekutuan,99.67,0.0002999487070188
Wilayah Persekutuan,100.27,0.0002835252526199
Wilayah Persekutuan,100.86,0.0002659793240335
Wilayah Persekutuan,101.46,0.0002482919684913
Wilayah Persekutuan,102.06,0.0002334501404771
Wilayah Persekutuan,102.66,0.0002234659115518
Wilayah Persekutuan,103.26,0.0002176994080549
Wilayah Persekutuan,103.85,0.0002136993708008
Wilayah Persekutuan,104.45,0.0002094389860619
Wilayah Persekutuan,105.05,0.0002046115230065
Wilayah Persekutuan,105.65,0.0001997637738197
Wilayah Persekutuan,106.25,0.0001946671330877
Wilayah Persekutuan,106.84,0.0001880664310559
Wilayah Persekutuan,107.44,0.0001789268770113
Wilayah Persekutuan,108.04,0.000167632617617
Wilayah Persekutuan,108.64,0.000156043283386
Wilayah Persekutuan,109.24,0.0001464085197608
Wilayah Persekutuan,109.83,0.0001397629264466
Wilayah Persekutuan,110.43,0.0001349653430437
Wilayah Persekutuan,111.03,0.0001295590550415
Wilayah Persekutuan,111.63,0.0001220564460266
Wilayah Persekutuan,112.23,0.0001134254474827
Wilayah Persekutuan,112.82,0.0001062230434975
Wilayah Persekutuan,113.42,0.0001023960883973
Wilayah Persekutuan,114.02,0.000101846907496
Wilayah Persekutuan,114.62,0.0001026505603493
Wilayah Persekutuan,115.22,0.0001024949835698
Wilayah Persekutuan,115.81,0.0001004448353248
Wilayah Persekutuan,116.41,9.781468626589837e-05
Wilayah Persekutuan,117.01,9.7086262167619e-05
Wilayah Persekutuan,117.61,9.932356859916376e-05
Wilayah Persekutuan,118.21,0.0001023287552917
Wilayah Persekutuan,118.8,0.0001014757826931
Wilayah Persekutuan,119.4,9.27650922234129e-05
Wilayah Persekutuan,120.0,7.572333763992789e-05
Johor,1.0,1.0463342412240156e-05
Johor,1.6,1.5367351869009448e-05
Johor,2.2,2.055258151797708e-05
Johor,2.79,2.559839301097707e-05
Johor,3.39,3.101029547545688e-05
Johor,3.99,3.903036739692375e-05
Johor,4.59,5.289424681400099e-05
Johor,5.19,7.491713195828746e-05
Johor,5.78,0.0001061107796548
Johor,6.38,0.0001490729782319
Johor,6.98,0.0002119064318454
Johor,7.58,0.0003085061067844
Johor,8.18,0.0004538932146945
Johor,8.77,0.0006595673561795
Johor,9.37,0.0009335094530292
Johor,9.97,0.001281013153137
Johor,10.57,0.0017023012709373
Johor,11.17,0.0021940308734923
Johor,11.76,0.0027579530341998
Johor,12.36,0.003402240601159
Johor,12.96,0.0041271973878804
Johor,13.56,0.0049132696953854
Johor,14.16,0.005730314851383
Johor,14.75,0.0065564055798698
Johor,15.35,0.0073795771133592
Johor,15.95,0.0081875401523047
Johor,16.55,0.0089773186162196
Johor,17.15,0.0097794893900253
Johor,17.74,0.010641835739566
Johor,18.34,0.011558935228426
Johor,18.94,0.0124411992202915
Johor,19.54,0.0131979827746149
Johor,20.14,0.0138339734034665
Johor,20.73,0.0144243188634349
Johor,21.33,0.0150222365227686
Johor,21.93,0.0156289374035311
Johor,22.53,0.0162296175452166
Johor,23.13,0.016818840738726
Johor,23.72,0.0173784427876603
Johor,24.32,0.0178388607311399
Johor,24.92,0.0180986037852373
Johor,25.52,0.0181236895298081
Johor,26.12,0.0180142782901065
Johor,26.71,0.0179346092176566
Johor,27.31,0.0179900498491951
Johor,27.91,0.0181961459435668
Johor,28.51,0.0185365323280296
Johor,29.11,0.0190027766686873
Johor,29.7,0.0195676646733435
Johor,30.3,0.020147778575202
Johor,30.9,0.0206299977437228
Johor,31.5,0.0209493938607038
Johor,32.1,0.0211219890477145
Johor,32.69,0.0211915862971641
Johor,33.29,0.0211780174961934
Johor,33.89,0.0210945296095632
Johor,34.49,0.0209763055078149
Johor,35.09,0.0208618043932328
Johor,35.68,0.0207613725976981
Johor,36.28,0.0206592065019834
Johor,36.88,0.020538084911183
Johor,37.48,0.0203922959218556
Johor,38.08,0.0202196577872123
Johor,38.67,0.0200125257732346
Johor,39.27,0.019765187214709
Johor,39.87,0.0194882148750056
Johor,40.47,0.0192062270591086
Johor,41.07,0.0189363827128364
Johor,41.66,0.0186728299355436
Johor,42.26,0.0183977726434473
Johor,42.86,0.0181081192676812
Johor,43.46,0.0178278616030183
Johor,44.06,0.017592397819391
Johor,44.65,0.0174176172713622
Johor,45.25,0.0172773521967564
Johor,45.85,0.0171117388788023
Johor,46.45,0.0168723948011643
Johor,47.05,0.0165754703114831
Johor,47.64,0.0163256800614052
Johor,48.24,0.0163195501334182
Johor,48.84,0.0168617618276795
Johor,49.44,0.0183558971000022
Johor,50.04,0.0211402873358111
Johor,50.63,0.0251457755181773
Johor,51.23,0.0296474192973303
Johor,51.83,0.0334702228335275
Johor,52.43,0.0356250720005437
Johor,53.03,0.0358517543655007
Johor,53.62,0.0346000710397541
Johor,54.22,0.0325896830126432
Johor,54.82,0.0304119704719118
Johor,55.42,0.0283729347969784
Johor,56.02,0.0265170049651753
Johor,56.61,0.0247566227726426
Johor,57.21,0.0230192283667059
Johor,57.81,0.0213076201454029
Johor,58.41,0.0196588969424111
Johor,59.01,0.018084067372205
Johor,59.6,0.016562336289086
Johor,60.2,0.0150832400777764
Johor,60.8,0.013675815395398
Johor,61.4,0.0123888630915034
Johor,61.99,0.0112506454075479
Johor,62.59,0.0102549565943258
Johor,63.19,0.0093755393334682
Johor,63.79,0.0085822132224438
Johor,64.39,0.007851033213929
Johor,64.98,0.0071698634595584
Johor,65.58,0.0065331222094139
Johor,66.18,0.005931492638252
Johor,66.78,0.0053529944092614
Johor,67.38,0.0047949849438343
Johor,67.97,0.0042706359691129
Johor,68.57,0.0038013473633937
Johor,69.17,0.0034024463006734
Johor,69.77,0.0030731051729356
Johor,70.37,0.0027960063833613
Johor,70.96,0.0025488227997238
Johor,71.56,0.0023208770711886
Johor,72.16,0.0021162997261421
Johor,72.76,0.0019382535742353
Johor,73.36,0.0017776119258759
Johor,73.95,0.0016230821550179
Johor,74.55,0.001476873473613
Johor,75.15,0.0013541831594377
Johor,75.75,0.001267198985474
Johor,76.35,0.0012105562800069
Johor,76.94,0.0011625370643325
Johor,77.54,0.0011012651750577
Johor,78.14,0.0010202886410099
Johor,78.74,0.0009288205515807
Johor,79.34,0.00083913395249
Johor,79.93,0.000756535686745
Johor,80.53,0.0006812333488225
Johor,81.13,0.0006156836280499
Johor,81.73,0.0005662227376988
Johor,82.33,0.0005374598659734
Johor,82.92,0.000526130595292
Johor,83.52,0.0005208727407225
Johor,84.12,0.0005102048519032
Johor,84.72,0.000492746397914
Johor,85.32,0.000477474764747
Johor,85.91,0.0004713947116275
Johor,86.51,0.0004690358680839
Johor,87.11,0.0004574730251281
Johor,87.71,0.0004307735440627
Johor,88.31,0.000395428436675
Johor,88.9,0.0003615144065274
Johor,89.5,0.0003334149532087
Johor,90.1,0.0003105159869759
Johor,90.7,0.0002923526582031
Johor,91.3,0.0002794900604711
Johor,91.89,0.0002706039616479
Johor,92.49,0.0002616971388364
Johor,93.09,0.0002489736546229
Johor,93.69,0.0002314125985292
Johor,94.29,0.0002104897117034
Johor,94.88,0.0001887749206331
Johor,95.48,0.0001693472990638
Johor,96.08,0.0001549544467374
Johor,96.68,0.0001459969216269
Johor,97.28,0.0001398631392625
Johor,97.87,0.0001334261764347
Johor,98.47,0.0001258008184823
Johor,99.07,0.0001180607735651
Johor,99.67,0.0001111401402514
Johor,100.27,0.0001052164283953
Johor,100.86,0.0001006364710823
Johor,101.46,9.78791304535018e-05
Johor,102.06,9.668081061932244e-05
Johor,102.66,9.631075742889303e-05
Johor,103.26,9.626188046734268e-05
Johor,103.85,9.606331312609576e-05
Johor,104.45,9.541299636283694e-05
Johor,105.05,9.482042257447088e-05
Johor,105.65,9.514824091441302e-05
Johor,106.25,9.66395418924985e-05
Johor,106.84,9.901957803231058e-05
Johor,107.44,0.0001019260470709
Johor,108.04,0.0001047547385262
Johor,108.64,0.0001066674204999
Johor,109.24,0.0001069870770105
Johor,109.83,0.0001053254360261
Johor,110.43,0.000101568418584
Johor,111.03,9.610837580611868e-05
Johor,111.63,8.98354268534248e-05
Johor,112.23,8.343011194558067e-05
Johor,112.82,7.677599488188205e-05
Johor,113.42,6.962414048722851e-05
Johor,114.02,6.2832276403255e-05
Johor,114.62,5.819947991785511e-05
Johor,115.22,5.663551025021756e-05
Johor,115.81,5.691772713297566e-05
Johor,116.41,5.680951232990864e-05
Johor,117.01,5.515589084854943e-05
Johor,117.61,5.234449067536122e-05
Johor,118.21,4.9045459853337696e-05
Johor,118.8,4.508603853196621e-05
Johor,119.4,3.944050547096813e-05
Johor,120.0,3.128244716833456e-05
Terengganu,1.0,6.855489711076416e-05
Terengganu,1.6,8.235267410610068e-05
Terengganu,2.2,8.790324519544193e-05
Terengganu,2.79,8.633482441088578e-05
Terengganu,3.39,8.332653945390851e-05
Terengganu,3.99,8.799337510603079e-05
Terengganu,4.59,0.0001111604624512
Terengganu,5.19,0.0001636493552772
Terengganu,5.78,0.0002547921635883
Terengganu,6.38,0.0003911045790939
Terengganu,6.98,0.0005757640322242
Terengganu,7.58,0.000810888205846
Terengganu,8.18,0.001103639440381
Terengganu,8.77,0.0014723930473739
Terengganu,9.37,0.001945480203354
Terengganu,9.97,0.0025490521158201
Terengganu,10.57,0.0032907254102358
Terengganu,11.17,0.0041517477109321
Terengganu,11.76,0.0050952079680692
Terengganu,12.36,0.0060851135312695
Terengganu,12.96,0.0071026699526426
Terengganu,13.56,0.0081498383147809
Terengganu,14.16,0.0092411755377678
Terengganu,14.75,0.0103909734009804
Terengganu,15.35,0.0116007594268489
Terengganu,15.95,0.0128498628588058
Terengganu,16.55,0.0140920407134864
Terengganu,17.15,0.0152592719648261
Terengganu,17.74,0.0162704308345819
Terengganu,18.34,0.0170453331336728
Terengganu,18.94,0.017530168070323
Terengganu,19.54,0.0177318437182902
Terengganu,20.14,0.0177373953722874
Terengganu,20.73,0.0176909344045089
Terengganu,21.33,0.0177315501549467
Terengganu,21.93,0.0179319427514032
Terengganu,22.53,0.0182783391311104
Terengganu,23.13,0.0186957165668758
Terengganu,23.72,0.0190886831024559
Terengganu,24.32,0.0193728588173568
Terengganu,24.92,0.0194989063915773
Terengganu,25.52,0.0194746372886895
Terengganu,26.12,0.0193671276629938
Terengganu,26.71,0.019267278646856
Terengganu,27.31,0.0192363592462341
Terengganu,27.91,0.0192760427871479
Terengganu,28.51,0.0193432280396202
Terengganu,29.11,0.0193955715619247
Terengganu,29.7,0.0194299712241265
Terengganu,30.3,0.0194806392926707
Terengganu,30.9,0.0195819293997467
Terengganu,31.5,0.0197360805045068
Terengganu,32.1,0.0199128192003919
Terengganu,32.69,0.0200689492206857
Terengganu,33.29,0.0201648072833972
Terengganu,33.89,0.0201718419118416
Terengganu,34.49,0.0200770666969039
Terengganu,35.09,0.0198865639699763
Terengganu,35.68,0.0196265569053535
Terengganu,36.28,0.0193408815950468
Terengganu,36.88,0.0190815804677852
Terengganu,37.48,0.0188901026286697
Terengganu,38.08,0.018777914896564
Terengganu,38.67,0.0187243581275
Terengganu,39.27,0.0186983473937969
Terengganu,39.87,0.0186863520810124
Terengganu,40.47,0.0186989413788393
Terengganu,41.07,0.0187474661518179
Terengganu,41.66,0.0188151029062301
Terengganu,42.26,0.0188553250168444
Terengganu,42.86,0.0188205600247113
Terengganu,43.46,0.0186899570037339
Terengganu,44.06,0.0184711668449188
Terengganu,44.65,0.0181847514845479
Terengganu,45.25,0.017853852837413
Terengganu,45.85,0.0175043050678657
Terengganu,46.45,0.0171658342712796
Terengganu,47.05,0.0168769204798771
Terengganu,47.64,0.0167114648167284
Terengganu,48.24,0.0168280773818027
Terengganu,48.84,0.0174948041485807
Terengganu,49.44,0.019014358226488
Terengganu,50.04,0.0215263488472485
Terengganu,50.63,0.0247901079965346
Terengganu,51.23,0.0281441947046716
Terengganu,51.83,0.030756648972086
Terengganu,52.43,0.0320365964877312
Terengganu,53.03,0.0319023936207977
Terengganu,53.62,0.0307116088531082
Terengganu,54.22,0.0289597234566345
Terengganu,54.82,0.0270192069890223
Terengganu,55.42,0.0250732471802368
Terengganu,56.02,0.0231885318444328
Terengganu,56.61,0.0213948310712498
Terengganu,57.21,0.0197072349829436
Terengganu,57.81,0.0181148990434745
Terengganu,58.41,0.016582937332654
Terengganu,59.01,0.0150807794608977
Terengganu,59.6,0.0136134781515102
Terengganu,60.2,0.012227291485067
Terengganu,60.8,0.0109838912654118
Terengganu,61.4,0.0099229581196741
Terengganu,61.99,0.0090393619559539
Terengganu,62.59,0.0082870688157127
Terengganu,63.19,0.0076029785929091
Terengganu,63.79,0.0069354449623847
Terengganu,64.39,0.0062644027598662
Terengganu,64.98,0.0056047146559988
Terengganu,65.58,0.0049909209012071
Terengganu,66.18,0.0044524437442878
Terengganu,66.78,0.0039958653397485
Terengganu,67.38,0.0036051843830348
Terengganu,67.97,0.0032560576124015
Terengganu,68.57,0.0029307868539615
Terengganu,69.17,0.0026244079416489
Terengganu,69.77,0.0023415755182141
Terengganu,70.37,0.0020895174810548
Terengganu,70.96,0.0018723272011077
Terengganu,71.56,0.0016890954181098
Terengganu,72.16,0.0015353333963921
Terengganu,72.76,0.0014054673851446
Terengganu,73.36,0.0012944229675518
Terengganu,73.95,0.0011977640776581
Terengganu,74.55,0.0011115103933087
Terengganu,75.15,0.0010329623427038
Terengganu,75.75,0.0009617322133019
Terengganu,76.35,0.0008989177031008
Terengganu,76.94,0.0008449739134468
Terengganu,77.54,0.0007992516807986
Terengganu,78.14,0.0007616291165638
Terengganu,78.74,0.0007331573038504
Terengganu,79.34,0.0007139795632333
Terengganu,79.93,0.0007007151942451
Terengganu,80.53,0.0006864725611143
Terengganu,81.13,0.0006640193194862
Terengganu,81.73,0.0006296724235933
Terengganu,82.33,0.0005848566358132
Terengganu,82.92,0.0005344205622563
Terengganu,83.52,0.0004837957486358
Terengganu,84.12,0.000437700634825
Terengganu,84.72,0.0004003167476243
Terengganu,85.32,0.0003745324677316
Terengganu,85.91,0.0003597868084434
Terengganu,86.51,0.0003513481442953
Terengganu,87.11,0.0003429598928663
Terengganu,87.71,0.0003306673059267
Terengganu,88.31,0.0003142360825887
Terengganu,88.9,0.0002955794104404
Terengganu,89.5,0.0002766807920645
Terengganu,90.1,0.0002590072814725
Terengganu,90.7,0.0002438968948479
Terengganu,91.3,0.0002324238952821
Terengganu,91.89,0.0002245369795994
Terengganu,92.49,0.0002186910869616
Terengganu,93.09,0.0002128772356857
Terengganu,93.69,0.0002062968555411
Terengganu,94.29,0.0001999582812019
Terengganu,94.88,0.0001954502934817
Terengganu,95.48,0.0001929932973404
Terengganu,96.08,0.0001905863008814
Terengganu,96.68,0.0001851019392745
Terengganu,97.28,0.0001745106631858
Terengganu,97.87,0.0001593860707325
Terengganu,98.47,0.0001424505085281
Terengganu,99.07,0.0001267525731672
Terengganu,99.67,0.0001141758337552
Terengganu,100.27,0.0001052749415836
Terengganu,100.86,0.000100064227111
Terengganu,101.46,9.868931668384765e-05
Terengganu,102.06,0.0001010855557557
Terengganu,102.66,0.0001057387019327
Terengganu,103.26,0.0001090809388769
Terengganu,103.85,0.000107120023896
Terengganu,104.45,9.850486627448756e-05
Terengganu,105.05,8.58934170993109e-05
Terengganu,105.65,7.392036716687981e-05
Terengganu,106.25,6.59175549885049e-05
Terengganu,106.84,6.24931509288785e-05
Terengganu,107.44,6.229741458624242e-05
Terengganu,108.04,6.332012749354187e-05
Terengganu,108.64,6.381700735118252e-05
Terengganu,109.24,6.296981738959736e-05
Terengganu,109.83,6.116661165078155e-05
Terengganu,110.43,5.953682641758285e-05
Terengganu,111.03,5.899374223781857e-05
Terengganu,111.63,5.969250995086061e-05
Terengganu,112.23,6.134807249317867e-05
Terengganu,112.82,6.367512121019526e-05
Terengganu,113.42,6.609872024583291e-05
Terengganu,114.02,6.725244213050185e-05
Terengganu,114.62,6.547034839934247e-05
Terengganu,115.22,6.0158143506170233e-05
Terengganu,115.81,5.253927298595437e-05
Terengganu,116.41,4.486604962138313e-05
Terengganu,117.01,3.884838682111558e-05
Terengganu,117.61,3.47110974911954e-05
Terengganu,118.21,3.14791015526524e-05
Terengganu,118.8,2.794118554181295e-05
Terengganu,119.4,2.3418235063605867e-05
Terengganu,120.0,1.799191701851711e-05
Sarawak,1.0,1.3566949131347674e-05
Sarawak,1.6,1.6127415061967547e-05
Sarawak,2.2,1.769344272255073e-05
Sarawak,2.79,2.202672604993075e-05
Sarawak,3.39,3.6367388654278525e-05
Sarawak,3.99,7.218011524569639e-05
Sarawak,4.59,0.0001458302397644
Sarawak,5.19,0.0002803524966695
Sarawak,5.78,0.0005061336166927
Sarawak,6.38,0.0008542615841517
Sarawak,6.98,0.0013484127315073
Sarawak,7.58,0.0020095912887184
Sarawak,8.18,0.0028663128842126
Sarawak,8.77,0.0039471624173469
Sarawak,9.37,0.0052535447053304
Sarawak,9.97,0.0067416254776775
Sarawak,10.57,0.0083395734547205
Sarawak,11.17,0.0099790232102678
Sarawak,11.76,0.0116055545375505
Sarawak,12.36,0.01317238498427
Sarawak,12.96,0.0146276732855837
Sarawak,13.56,0.0159004391767617
Sarawak,14.16,0.0169258141302563
Sarawak,14.75,0.017714071527237
Sarawak,15.35,0.0183638009985744
Sarawak,15.95,0.0189816942136052
Sarawak,16.55,0.0196177544405688
Sarawak,17.15,0.0202826704093126
Sarawak,17.74,0.0209910741001169
Sarawak,18.34,0.0217591183909853
Sarawak,18.94,0.0225678418266501
Sarawak,19.54,0.0233605989080988
Sarawak,20.14,0.0240809394211914
Sarawak,20.73,0.0246973437821365
Sarawak,21.33,0.0251995964395408
Sarawak,21.93,0.0255963203403361
Sarawak,22.53,0.025927059251415
Sarawak,23.13,0.0262547558307309
Sarawak,23.72,0.0266151835662227
Sarawak,24.32,0.0269773055450229
Sarawak,24.92,0.027273563235623
Sarawak,25.52,0.0274703912053333
Sarawak,26.12,0.0275917241008621
Sarawak,26.71,0.0276685490960053
Sarawak,27.31,0.0277019125358313
Sarawak,27.91,0.027685597505462
Sarawak,28.51,0.027615795430344
Sarawak,29.11,0.0274691278498688
Sarawak,29.7,0.0272131990573828
Sarawak,30.3,0.0268486990234902
Sarawak,30.9,0.0264222537235523
Sarawak,31.5,0.02599084394357
Sarawak,32.1,0.0255830896668134
Sarawak,32.69,0.0251958457171292
Sarawak,33.29,0.0248006125239254
Sarawak,33.89,0.0243525843622995
Sarawak,34.49,0.023837439531752
Sarawak,35.09,0.0233000483968703
Sarawak,35.68,0.0227813777180748
Sarawak,36.28,0.0222624238668586
Sarawak,36.88,0.0217035028072984
Sarawak,37.48,0.0210845310269862
Sarawak,38.08,0.0203980302193015
Sarawak,38.67,0.0196571353323623
Sarawak,39.27,0.0189028251950619
Sarawak,39.87,0.0181728132180301
Sarawak,40.47,0.0174850938504081
Sarawak,41.07,0.0168529116476179
Sarawak,41.66,0.0162816603381989
Sarawak,42.26,0.0157588784144586
Sarawak,42.86,0.015265449994676
Sarawak,43.46,0.0147752680428774
Sarawak,44.06,0.0142450333832
Sarawak,44.65,0.0136422732915308
Sarawak,45.25,0.0129875782152762
Sarawak,45.85,0.0123454817538581
Sarawak,46.45,0.0117687728578774
Sarawak,47.05,0.0112669526539501
Sarawak,47.64,0.0108457065267897
Sarawak,48.24,0.0105798850864664
Sarawak,48.84,0.0106730967124989
Sarawak,49.44,0.0114756249715818
Sarawak,50.04,0.0133333926660586
Sarawak,50.63,0.0161992115499166
Sarawak,51.23,0.0193379676153653
Sarawak,51.83,0.0215833064877582
Sarawak,52.43,0.0220976098268584
Sarawak,53.03,0.0209584381499171
Sarawak,53.62,0.0189479034785688
Sarawak,54.22,0.0168541207405683
Sarawak,54.82,0.0150436314696316
Sarawak,55.42,0.0135175660377268
Sarawak,56.02,0.0121626492739998
Sarawak,56.61,0.0109037286364796
Sarawak,57.21,0.0097184303063736
Sarawak,57.81,0.008615533968173
Sarawak,58.41,0.0076219899704165
Sarawak,59.01,0.0067620434706439
Sarawak,59.6,0.0060295934330627
Sarawak,60.2,0.0053921428906364
Sarawak,60.8,0.0048328008884278
Sarawak,61.4,0.004366355445593
Sarawak,61.99,0.0039993144652033
Sarawak,62.59,0.0036932807594058
Sarawak,63.19,0.0033876440896793
Sarawak,63.79,0.0030576951141887
Sarawak,64.39,0.0027315109674652
Sarawak,64.98,0.0024475154634932
Sarawak,65.58,0.0022162771677656
Sarawak,66.18,0.002024311941385
Sarawak,66.78,0.0018571053348359
Sarawak,67.38,0.001710205312594
Sarawak,67.97,0.0015843869193927
Sarawak,68.57,0.0014801918627279
Sarawak,69.17,0.0013980452647446
Sarawak,69.77,0.0013379778297992
Sarawak,70.37,0.0012960785774594
Sarawak,70.96,0.0012608454084574
Sarawak,71.56,0.0012150865806302
Sarawak,72.16,0.0011474763923219
Sarawak,72.76,0.0010651433168952
Sarawak,73.36,0.0009875517299789
Sarawak,73.95,0.0009250394330713
Sarawak,74.55,0.0008716114379535
Sarawak,75.15,0.0008179355956148
Sarawak,75.75,0.0007628300041843
Sarawak,76.35,0.0007121365617232
Sarawak,76.94,0.0006708257935024
Sarawak,77.54,0.0006375929596808
Sarawak,78.14,0.0006070481178862
Sarawak,78.74,0.0005761718773213
Sarawak,79.34,0.0005455078299088
Sarawak,79.93,0.000515031196074
Sarawak,80.53,0.0004845944295017
Sarawak,81.13,0.000456539690561
Sarawak,81.73,0.0004323872983367
Sarawak,82.33,0.000411108844813
Sarawak,82.92,0.0003934844154222
Sarawak,83.52,0.0003815794639568
Sarawak,84.12,0.0003734586238777
Sarawak,84.72,0.0003640936352429
Sarawak,85.32,0.0003496624164573
Sarawak,85.91,0.0003288459792669
Sarawak,86.51,0.0003044365528046
Sarawak,87.11,0.0002836744084776
Sarawak,87.71,0.0002720787170613
Sarawak,88.31,0.0002679401433851
Sarawak,88.9,0.0002650817532854
Sarawak,89.5,0.0002584116278844
Sarawak,90.1,0.0002467123157566
Sarawak,90.7,0.000233061722699
Sarawak,91.3,0.0002221483328934
Sarawak,91.89,0.0002156739863829
Sarawak,92.49,0.0002116004132836
Sarawak,93.09,0.0002076501456228
Sarawak,93.69,0.0002037605346419
Sarawak,94.29,0.0002021257709399
Sarawak,94.88,0.0002053086868479
Sarawak,95.48,0.0002118587925771
Sarawak,96.08,0.0002145988757889
Sarawak,96.68,0.0002069329333597
Sarawak,97.28,0.0001895312436361
Sarawak,97.87,0.000168233216001
Sarawak,98.47,0.0001474813488053
Sarawak,99.07,0.0001278143730208
Sarawak,99.67,0.0001089671629321
Sarawak,100.27,9.351243385456077e-05
Sarawak,100.86,8.592034275882432e-05
Sarawak,101.46,8.76209748483157e-05
Sarawak,102.06,9.41988967221752e-05
Sarawak,102.66,9.913701690100284e-05
Sarawak,103.26,9.95733243815188e-05
Sarawak,103.85,9.74630286279036e-05
Sarawak,104.45,9.643626276268128e-05
Sarawak,105.05,9.7922162375283e-05
Sarawak,105.65,9.93864053228973e-05
Sarawak,106.25,9.683287149914516e-05
Sarawak,106.84,8.96042049019955e-05
Sarawak,107.44,8.11732331340108e-05
Sarawak,108.04,7.510053370563688e-05
Sarawak,108.64,7.213661918803764e-05
Sarawak,109.24,7.090489443744477e-05
Sarawak,109.83,6.968782314840439e-05
Sarawak,110.43,6.746967684412147e-05
Sarawak,111.03,6.435552118997252e-05
Sarawak,111.63,6.159472259473915e-05
Sarawak,112.23,6.059390144088173e-05
Sarawak,112.82,6.130905446348142e-05
Sarawak,113.42,6.223550381884053e-05
Sarawak,114.02,6.24175526665253e-05
Sarawak,114.62,6.272923031807286e-05
Sarawak,115.22,6.439355815840829e-05
Sarawak,115.81,6.653646479456719e-05
Sarawak,116.41,6.664322537261794e-05
Sarawak,117.01,6.371082686379401e-05
Sarawak,117.61,5.955298370252224e-05
Sarawak,118.21,5.6554206395567806e-05
Sarawak,118.8,5.45995666516892e-05
Sarawak,119.4,5.051855448122207e-05
Sarawak,120.0,4.1129661007910014e-05
Perlis,5.0,0.0004620394375033
Perlis,5.57,0.00069061497866
Perlis,6.15,0.0009760199954164
Perlis,6.72,0.0013137660569825
Perlis,7.29,0.001697620964086
Perlis,7.86,0.0021227432659931
Perlis,8.44,0.0025869696890101
Perlis,9.01,0.0030892700697246
Perlis,9.58,0.0036268318619332
Perlis,10.16,0.0041936547380028
Perlis,10.73,0.0047824011157299
Perlis,11.3,0.0053883279038339
Perlis,11.87,0.0060119178265982
Perlis,12.45,0.0066575974263418
Perlis,13.02,0.0073295998751467
Perlis,13.59,0.0080293215479978
Perlis,14.17,0.0087574221354886
Perlis,14.74,0.009518646056633
Perlis,15.31,0.0103232890011049
Perlis,15.88,0.0111808418500205
Perlis,16.46,0.0120870715044582
Perlis,17.03,0.0130114008600258
Perlis,17.6,0.0138946345882058
Perlis,18.18,0.0146653973158682
Perlis,18.75,0.0152733409284113
Perlis,19.32,0.0157213897132858
Perlis,19.89,0.0160729777543015
Perlis,20.47,0.0164255084014684
Perlis,21.04,0.0168677346863365
Perlis,21.61,0.0174500630687546
Perlis,22.19,0.0181811700337268
Perlis,22.76,0.0190396267752381
Perlis,23.33,0.0199816446905439
Perlis,23.9,0.0209404326882815
Perlis,24.48,0.0218296722617742
Perlis,25.05,0.0225630885266454
Perlis,25.62,0.0230846252967073
Perlis,26.2,0.0233890344575567
Perlis,26.77,0.0235175203982506
Perlis,27.34,0.023532698240966
Perlis,27.91,0.0234913941354464
Perlis,28.49,0.023430365668089
Perlis,29.06,0.0233661694226794
Perlis,29.63,0.0233014653335705
Perlis,30.21,0.0232315918072005
Perlis,30.78,0.0231505135994922
Perlis,31.35,0.0230565729362912
Perlis,31.92,0.0229560439697689
Perlis,32.5,0.0228614520047723
Perlis,33.07,0.0227844153970522
Perlis,33.64,0.0227268824330391
Perlis,34.22,0.0226764421220693
Perlis,34.79,0.0226095874832479
Perlis,35.36,0.0225023662703347
Perlis,35.93,0.0223430082280155
Perlis,36.51,0.0221389602337629
Perlis,37.08,0.0219135836965571
Perlis,37.65,0.0216943326019087
Perlis,38.23,0.0214995956981288
Perlis,38.8,0.0213311156899768
Perlis,39.37,0.021173810137799
Perlis,39.94,0.0210004511482326
Perlis,40.52,0.0207789212002504
Perlis,41.09,0.0204820291876414
Perlis,41.66,0.0200986863706975
Perlis,42.24,0.0196407514055983
Perlis,42.81,0.0191390023518512
Perlis,43.38,0.0186288357739748
Perlis,43.95,0.0181355304588568
Perlis,44.53,0.0176699388950732
Perlis,45.1,0.017236445973551
Perlis,45.67,0.0168455329310128
Perlis,46.25,0.0165230961985618
Perlis,46.82,0.0163164637824429
Perlis,47.39,0.0163020124741843
Perlis,47.96,0.0165930087927851
Perlis,48.54,0.0173327403282332
Perlis,49.11,0.0186527902617448
Perlis,49.68,0.0205939171233945
Perlis,50.26,0.0230230942741393
Perlis,50.83,0.0256060797080793
Perlis,51.4,0.0278781349167629
Perlis,51.97,0.0293957223761706
Perlis,52.55,0.0298921787333492
Perlis,53.12,0.0293524160273296
Perlis,53.69,0.0279754043745353
Perlis,54.27,0.0260639462402094
Perlis,54.84,0.023912934585693
Perlis,55.41,0.0217445159622982
Perlis,55.98,0.0196937570794527
Perlis,56.56,0.0178220019345669
Perlis,57.13,0.0161375760552574
Perlis,57.7,0.0146168010951555
Perlis,58.28,0.0132243113769944
Perlis,58.85,0.0119296967391745
Perlis,59.42,0.0107163816886946
Perlis,59.99,0.0095820588916054
Perlis,60.57,0.0085339836296274
Perlis,61.14,0.0075830225343188
Perlis,61.71,0.0067383234566419
Perlis,62.29,0.0060030386984269
Perlis,62.86,0.0053719888732955
Perlis,63.43,0.0048327813054396
Perlis,64.01,0.0043704870370958
Perlis,64.58,0.0039730289769172
Perlis,65.15,0.0036332104053403
Perlis,65.72,0.0033459671357297
Perlis,66.3,0.0031037000993104
Perlis,66.87,0.0028940227772047
Perlis,67.44,0.0027016694991832
Perlis,68.02,0.0025127480436808
Perlis,68.59,0.0023183173059092
Perlis,69.16,0.0021155768189549
Perlis,69.73,0.0019068245086673
Perlis,70.31,0.0016974188214995
Perlis,70.88,0.001494092503518
Perlis,71.45,0.0013042507422498
Perlis,72.03,0.0011357376480222
Perlis,72.6,0.0009959540424665
Perlis,73.17,0.0008899269549606
Perlis,73.74,0.0008183006976103
Perlis,74.32,0.0007766438355428
Perlis,74.89,0.0007564459332217
Perlis,75.46,0.0007470237149175
Perlis,76.04,0.0007375686976352
Perlis,76.61,0.0007192542494131
Perlis,77.18,0.0006873017947601
Perlis,77.75,0.0006421295429686
Perlis,78.33,0.0005885554430669
Perlis,78.9,0.0005331811859518
Perlis,79.47,0.0004814307899222
Perlis,80.05,0.0004358575317964
Perlis,80.62,0.0003963036911336
Perlis,81.19,0.000361368804059
Perlis,81.76,0.0003301152209444
Perlis,82.34,0.0003030177302613
Perlis,82.91,0.0002816824353403
Perlis,83.48,0.0002676225623824
Perlis,84.06,0.0002609655843549
Perlis,84.63,0.0002599517129957
Perlis,85.2,0.0002614955017601
Perlis,85.77,0.0002624138278604
Perlis,86.35,0.0002606499353583
Perlis,86.92,0.0002559814503045
Perlis,87.49,0.0002499759281156
Perlis,88.07,0.0002451388371469
Perlis,88.64,0.0002434254321783
Perlis,89.21,0.0002447269547675
Perlis,89.78,0.0002463019059668
Perlis,90.36,0.0002438082594124
Perlis,90.93,0.000233516599465
Perlis,91.5,0.0002142890727165
Perlis,92.08,0.0001880048807929
Perlis,92.65,0.0001583136895759
Perlis,93.22,0.0001288086137267
Perlis,93.79,0.0001018715157756
Perlis,94.37,7.859670897442809e-05
Perlis,94.94,5.929674429188104e-05
Perlis,95.51,4.391571369283006e-05
Perlis,96.09,3.213041064950729e-05
Perlis,96.66,2.3362797306299536e-05
Perlis,97.23,1.6936228169954158e-05
Perlis,97.8,1.2327144450579256e-05
Perlis,98.38,9.289792210140036e-06
Perlis,98.95,7.738917764100356e-06
Perlis,99.52,7.505585415793821e-06
Perlis,100.1,8.18849606942321e-06
Perlis,100.67,9.223864220020049e-06
Perlis,101.24,1.0100343029798063e-05
Perlis,101.81,1.0529682146355077e-05
Perlis,102.39,1.044687543833216e-05
Perlis,102.96,9.886224774039254e-06
Perlis,103.53,8.883489128888447e-06
Perlis,104.11,7.48963635734742e-06
Perlis,104.68,5.840670967134136e-06
Perlis,105.25,4.17581258872513e-06
Perlis,105.82,2.7726161270161183e-06
Perlis,106.4,1.8623742769341984e-06
Perlis,106.97,1.5952417820754329e-06
Perlis,107.54,2.053174599865124e-06
Perlis,108.12,3.2505523677966946e-06
Perlis,108.69,5.080654515736844e-06
Perlis,109.26,7.243858675368909e-06
Perlis,109.83,9.254844712638877e-06
Perlis,110.41,1.059827997769228e-05
Perlis,110.98,1.098271327403343e-05
Perlis,111.55,1.0524894610488822e-05
Perlis,112.13,9.705123177200068e-06
Perlis,112.7,9.092104078862023e-06
Perlis,113.27,9.015725267265672e-06
Perlis,113.84,9.40558959064632e-06
Perlis,114.42,9.882277444947524e-06
Perlis,114.99,1.0012513871866435e-05
Perlis,115.56,9.557126238792062e-06
Perlis,116.14,8.578804031152431e-06
Perlis,116.71,7.37245041919463e-06
Perlis,117.28,6.274160825995816e-06
Perlis,117.85,5.466695527457186e-06
Perlis,118.43,4.901670411582316e-06
Perlis,119.0,4.381725317759311e-06
Sabah,1.0,3.5705426722125135e-05
Sabah,1.6,4.701462144056593e-05
Sabah,2.2,6.097642895085715e-05
Sabah,2.79,8.241109802848669e-05
Sabah,3.39,0.000114041171113
Sabah,3.99,0.0001565315218201
Sabah,4.59,0.0002107202354654
Sabah,5.19,0.0002840426876324
Sabah,5.78,0.0004031285852692
Sabah,6.38,0.0006243191178996
Sabah,6.98,0.0010300715117942
Sabah,7.58,0.0017028524066972
Sabah,8.18,0.0026777106213339
Sabah,8.77,0.0039062128831443
Sabah,9.37,0.0052827910727607
Sabah,9.97,0.0067213819783011
Sabah,10.57,0.0082054569234496
Sabah,11.17,0.0097804029090159
Sabah,11.76,0.0115099254518576
Sabah,12.36,0.0134058200855187
Sabah,12.96,0.0153595596754968
Sabah,13.56,0.017155055185524
Sabah,14.16,0.0186031683189643
Sabah,14.75,0.0196842281691477
Sabah,15.35,0.0205096371475652
Sabah,15.95,0.0211536719183751
Sabah,16.55,0.0216234829265628
Sabah,17.15,0.0219793175181058
Sabah,17.74,0.0223580415357557
Sabah,18.34,0.022833509929113
Sabah,18.94,0.0233150910904142
Sabah,19.54,0.0236549863018174
Sabah,20.14,0.0238344128850487
Sabah,20.73,0.0239850309002262
Sabah,21.33,0.0242570657110704
Sabah,21.93,0.0247262179063458
Sabah,22.53,0.0254168375565194
Sabah,23.13,0.0263280758587356
Sabah,23.72,0.0273828849269973
Sabah,24.32,0.0284241683013791
Sabah,24.92,0.0293316846901006
Sabah,25.52,0.0301061496435688
Sabah,26.12,0.0308108963682137
Sabah,26.71,0.0314678272945409
Sabah,27.31,0.0320461855315269
Sabah,27.91,0.0325329178734606
Sabah,28.51,0.0329563415352304
Sabah,29.11,0.0333356568239911
Sabah,29.7,0.0336427034891232
Sabah,30.3,0.0338050857337998
Sabah,30.9,0.03372162105569
Sabah,31.5,0.0332953625821981
Sabah,32.1,0.0325046108435642
Sabah,32.69,0.0314607380980195
Sabah,33.29,0.0303468513652799
Sabah,33.89,0.0292697680800475
Sabah,34.49,0.0282156369331099
Sabah,35.09,0.0271473926436952
Sabah,35.68,0.0260819851620532
Sabah,36.28,0.0250659569395995
Sabah,36.88,0.0241190345709273
Sabah,37.48,0.0232217834702478
Sabah,38.08,0.0223351643413032
Sabah,38.67,0.0214133484978055
Sabah,39.27,0.0204299823875591
Sabah,39.87,0.0194148573284193
Sabah,40.47,0.0184321836791325
Sabah,41.07,0.0175171067331124
Sabah,41.66,0.0166655132974174
Sabah,42.26,0.0158681356512571
Sabah,42.86,0.0151152554078836
Sabah,43.46,0.0143779079785395
Sabah,44.06,0.0136205059252801
Sabah,44.65,0.0128475298969072
Sabah,45.25,0.0121189120311594
Sabah,45.85,0.0114976455258654
Sabah,46.45,0.0109870967023046
Sabah,47.05,0.0105289809489994
Sabah,47.64,0.0100678345360875
Sabah,48.24,0.0096379591989807
Sabah,48.84,0.0094260654253606
Sabah,49.44,0.0097546776121058
Sabah,50.04,0.0108993520114739
Sabah,50.63,0.0127687565036343
Sabah,51.23,0.014752998273921
Sabah,51.83,0.0160218297477454
Sabah,52.43,0.0160882247859436
Sabah,53.03,0.01509148008646
Sabah,53.62,0.0135171625227455
Sabah,54.22,0.0117729187795307
Sabah,54.82,0.0100956098169514
Sabah,55.42,0.008634874613414
Sabah,56.02,0.0074500205788286
Sabah,56.61,0.0064974206491266
Sabah,57.21,0.0056925802513979
Sabah,57.81,0.0049766824444314
Sabah,58.41,0.0043331703394349
Sabah,59.01,0.0037688126591944
Sabah,59.6,0.0032883013011952
Sabah,60.2,0.0028798111460744
Sabah,60.8,0.0025182170944071
Sabah,61.4,0.0021822610869965
Sabah,61.99,0.0018707690279934
Sabah,62.59,0.0016016373589434
Sabah,63.19,0.0013940141342426
Sabah,63.79,0.001251308024873
Sabah,64.39,0.0011602496369217
Sabah,64.98,0.0011007032300222
Sabah,65.58,0.0010513154712463
Sabah,66.18,0.000993540887761
Sabah,66.78,0.0009211216224678
Sabah,67.38,0.0008431258680473
Sabah,67.97,0.0007730001268698
Sabah,68.57,0.0007176205427591
Sabah,69.17,0.0006772369327189
Sabah,69.77,0.0006501611594115
Sabah,70.37,0.0006323427240226
Sabah,70.96,0.0006136135083962
Sabah,71.56,0.0005803474331841
Sabah,72.16,0.0005247709059566
Sabah,72.76,0.0004516349884278
Sabah,73.36,0.0003767369150765
Sabah,73.95,0.0003179501689531
Sabah,74.55,0.0002836279836167
Sabah,75.15,0.0002676950675013
Sabah,75.75,0.0002571732977823
Sabah,76.35,0.0002446186953246
Sabah,76.94,0.0002323565016448
Sabah,77.54,0.0002252843214038
Sabah,78.14,0.0002231225538001
Sabah,78.74,0.0002216757308839
Sabah,79.34,0.0002173461287752
Sabah,79.93,0.0002077502723684
Sabah,80.53,0.0001917928661966
Sabah,81.13,0.0001715061427196
Sabah,81.73,0.0001518767025272
Sabah,82.33,0.0001373613321427
Sabah,82.92,0.0001287872664704
Sabah,83.52,0.0001238146836881
Sabah,84.12,0.0001191658269441
Sabah,84.72,0.0001117758510351
Sabah,85.32,0.0001000739014775
Sabah,85.91,8.563271988709454e-05
Sabah,86.51,7.211266795859199e-05
Sabah,87.11,6.26545978986736e-05
Sabah,87.71,5.928165727636248e-05
Sabah,88.31,6.229811509752513e-05
Sabah,88.9,6.831223173654375e-05
Sabah,89.5,7.134911895962753e-05
Sabah,90.1,6.772095264193815e-05
Sabah,90.7,5.890688144700846e-05
Sabah,91.3,4.951103695284187e-05
Sabah,91.89,4.335977533225028e-05
Sabah,92.49,4.168392235351872e-05
Sabah,93.09,4.317238171292471e-05
Sabah,93.69,4.429090531129989e-05
Sabah,94.29,4.14315377811317e-05
Sabah,94.88,3.4526757924275615e-05
Sabah,95.48,2.7170699564573505e-05
Sabah,96.08,2.2736332920260903e-05
Sabah,96.68,2.173237704597e-05
Sabah,97.28,2.242343773592984e-05
Sabah,97.87,2.26241486597536e-05
Sabah,98.47,2.110178256154616e-05
Sabah,99.07,1.814015022221419e-05
Sabah,99.67,1.504565796883174e-05
Sabah,100.27,1.300120563601356e-05
Sabah,100.86,1.2265920498442952e-05
Sabah,101.46,1.2390334504632252e-05
Sabah,102.06,1.3014698881266038e-05
Sabah,102.66,1.419181883380034e-05
Sabah,103.26,1.590277729184466e-05
Sabah,103.85,1.7540956355917434e-05
Sabah,104.45,1.821804999114632e-05
Sabah,105.05,1.7515273462933803e-05
Sabah,105.65,1.571321114551164e-05
Sabah,106.25,1.3589252380130986e-05
Sabah,106.84,1.2122307720812885e-05
Sabah,107.44,1.1771357516538063e-05
Sabah,108.04,1.1866526116932722e-05
Sabah,108.64,1.1300411639199529e-05
Sabah,109.24,9.895216680743978e-06
Sabah,109.83,8.710644382117032e-06
Sabah,110.43,8.967891450936656e-06
Sabah,111.03,1.0801914069641725e-05
Sabah,111.63,1.3070709384471207e-05
Sabah,112.23,1.4264785168201168e-05
Sabah,112.82,1.3628771545845624e-05
Sabah,113.42,1.1638784193707454e-05
Sabah,114.02,9.573216700853813e-06
Sabah,114.62,8.55838195578662e-06
Sabah,115.22,8.836632119066319e-06
Sabah,115.81,9.856548415404411e-06
Sabah,116.41,1.1016034796329862e-05
Sabah,117.01,1.2072693487563738e-05
Sabah,117.61,1.2742952424925811e-05
Sabah,118.21,1.2603364063458424e-05
Sabah,118.8,1.1730190808114464e-05
Sabah,119.4,1.0507084198612432e-05
Sabah,120.0,8.74401668313143e-06
Kelantan,1.0,1.958861891371253e-05
Kelantan,1.59,2.434327137704957e-05
Kelantan,2.19,2.872076429487518e-05
Kelantan,2.78,3.319668980020004e-05
Kelantan,3.37,3.889551484381277e-05
Kelantan,3.96,4.7873106152631e-05
Kelantan,4.56,6.398057437717025e-05
Kelantan,5.15,9.413912450976476e-05
Kelantan,5.74,0.0001491306787684
Kelantan,6.34,0.0002428614159228
Kelantan,6.93,0.0003900692711086
Kelantan,7.52,0.0006039276515809
Kelantan,8.12,0.0008950163341494
Kelantan,8.71,0.0012709549630076
Kelantan,9.3,0.0017343317157218
Kelantan,9.89,0.002278919764328
Kelantan,10.49,0.0028888288529057
Kelantan,11.08,0.0035450373499395
Kelantan,11.67,0.004235720139882
Kelantan,12.27,0.0049595276690179
Kelantan,12.86,0.0057158609172382
Kelantan,13.45,0.0064906457526774
Kelantan,14.05,0.0072534015139205
Kelantan,14.64,0.0079713968882595
Kelantan,15.23,0.0086299103994191
Kelantan,15.82,0.0092418770471988
Kelantan,16.42,0.0098392400791966
Kelantan,17.01,0.0104516281325786
Kelantan,17.6,0.0110858507465386
Kelantan,18.2,0.01171925981578
Kelantan,18.79,0.0123117194960448
Kelantan,19.38,0.0128288340230251
Kelantan,19.97,0.0132614632869281
Kelantan,20.57,0.0136293348799308
Kelantan,21.16,0.013967420458472
Kelantan,21.75,0.0143046771715123
Kelantan,22.35,0.0146485429192335
Kelantan,22.94,0.0149832784554362
Kelantan,23.53,0.0152803384333398
Kelantan,24.13,0.0155120913906186
Kelantan,24.72,0.0156610536157356
Kelantan,25.31,0.0157231187002648
Kelantan,25.9,0.0157081977631559
Kelantan,26.5,0.0156406501268186
Kelantan,27.09,0.0155575182319103
Kelantan,27.68,0.0155013452638475
Kelantan,28.28,0.0155082009501479
Kelantan,28.87,0.0155960150248898
Kelantan,29.46,0.0157590710767587
Kelantan,30.06,0.0159715877748466
Kelantan,30.65,0.0161987444060589
Kelantan,31.24,0.0164093500073619
Kelantan,31.83,0.0165834983149646
Kelantan,32.43,0.016712643350993
Kelantan,33.02,0.0167952149446993
Kelantan,33.61,0.0168325044647039
Kelantan,34.21,0.0168265217293694
Kelantan,34.8,0.0167789207445559
Kelantan,35.39,0.0166909817388252
Kelantan,35.98,0.0165661839504832
Kelantan,36.58,0.0164152244806343
Kelantan,37.17,0.0162591897521389
Kelantan,37.76,0.0161251689190831
Kelantan,38.36,0.0160339666562237
Kelantan,38.95,0.0159882608347636
Kelantan,39.54,0.015971759431355
Kelantan,40.14,0.0159609474769913
Kelantan,40.73,0.0159393513667652
Kelantan,41.32,0.0159026492710441
Kelantan,41.91,0.0158528072689483
Kelantan,42.51,0.0157894107438981
Kelantan,43.1,0.0157066999760464
Kelantan,43.69,0.015597714047041
Kelantan,44.29,0.0154612294471287
Kelantan,44.88,0.0153068454729337
Kelantan,45.47,0.0151560938574654
Kelantan,46.07,0.0150408790556639
Kelantan,46.66,0.0150049659911333
Kelantan,47.25,0.01511565411863
Kelantan,47.84,0.0154841798564029
Kelantan,48.44,0.0162762709511443
Kelantan,49.03,0.0176840721394386
Kelantan,49.62,0.0198451301117951
Kelantan,50.22,0.0227341952631969
Kelantan,50.81,0.0260933897172413
Kelantan,51.4,0.029465957554402
Kelantan,51.99,0.0323409719578039
Kelantan,52.59,0.0343363952126854
Kelantan,53.18,0.0353142440595213
Kelantan,53.77,0.0353696530188928
Kelantan,54.37,0.0347249390517919
Kelantan,54.96,0.0336123487245685
Kelantan,55.55,0.032209263225207
Kelantan,56.15,0.0306323195618818
Kelantan,56.74,0.0289590053669877
Kelantan,57.33,0.0272467448632806
Kelantan,57.92,0.0255398632457967
Kelantan,58.52,0.0238695650342288
Kelantan,59.11,0.0222547262694945
Kelantan,59.7,0.0207065667045895
Kelantan,60.3,0.0192336696675771
Kelantan,60.89,0.0178414193929111
Kelantan,61.48,0.0165259182233637
Kelantan,62.08,0.0152714029896264
Kelantan,62.67,0.0140597575237216
Kelantan,63.26,0.0128878498649513
Kelantan,63.85,0.0117767460152654
Kelantan,64.45,0.0107614203459509
Kelantan,65.04,0.0098674494552337
Kelantan,65.63,0.0090935696001051
Kelantan,66.23,0.00841293938775
Kelantan,66.82,0.0077890228516038
Kelantan,67.41,0.007192220492389
Kelantan,68.01,0.0066077302216765
Kelantan,68.6,0.0060345525291431
Kelantan,69.19,0.0054801821582208
Kelantan,69.78,0.0049552773817209
Kelantan,70.38,0.0044708857151462
Kelantan,70.97,0.0040380626282828
Kelantan,71.56,0.0036670071293184
Kelantan,72.16,0.003363442946963
Kelantan,72.75,0.0031239072262523
Kelantan,73.34,0.0029342812944257
Kelantan,73.93,0.0027741030547423
Kelantan,74.53,0.002624717135217
Kelantan,75.12,0.0024762356627005
Kelantan,75.71,0.0023290831170467
Kelantan,76.31,0.0021898122733771
Kelantan,76.9,0.0020646350442663
Kelantan,77.49,0.0019548140604392
Kelantan,78.09,0.0018559055421916
Kelantan,78.68,0.0017603256434326
Kelantan,79.27,0.0016613847484749
Kelantan,79.86,0.0015565362630899
Kelantan,80.46,0.001448022109758
Kelantan,81.05,0.001340802579501
Kelantan,81.64,0.0012396635681062
Kelantan,82.24,0.0011475771101746
Kelantan,82.83,0.0010655719170317
Kelantan,83.42,0.000992961932918
Kelantan,84.02,0.0009273166809502
Kelantan,84.61,0.0008646670043259
Kelantan,85.2,0.0008004334501412
Kelantan,85.79,0.0007308866990143
Kelantan,86.39,0.0006546900263685
Kelantan,86.98,0.0005740441164695
Kelantan,87.57,0.0004947118337957
Kelantan,88.17,0.0004243458710108
Kelantan,88.76,0.0003695998442349
Kelantan,89.35,0.0003335981730477
Kelantan,89.94,0.0003151770658572
Kelantan,90.54,0.0003099558236898
Kelantan,91.13,0.000312132024022
Kelantan,91.72,0.0003159194093667
Kelantan,92.32,0.0003163725581327
Kelantan,92.91,0.0003099222210517
Kelantan,93.5,0.0002948538536359
Kelantan,94.1,0.0002716088373488
Kelantan,94.69,0.000242652902418
Kelantan,95.28,0.0002117865824438
Kelantan,95.87,0.0001830117062132
Kelantan,96.47,0.0001593229522422
Kelantan,97.06,0.0001419233885428
Kelantan,97.65,0.0001301750233113
Kelantan,98.25,0.0001221701278658
Kelantan,98.84,0.0001155333311902
Kelantan,99.43,0.000108143412588
Kelantan,100.03,9.866644778938762e-05
Kelantan,100.62,8.684556479060845e-05
Kelantan,101.21,7.34599972376812e-05
Kelantan,101.8,5.99474634686053e-05
Kelantan,102.4,4.78550843005198e-05
Kelantan,102.99,3.8352156039543904e-05
Kelantan,103.58,3.1952912950843445e-05
Kelantan,104.18,2.849335281996267e-05
Kelantan,104.77,2.7349181831764704e-05
Kelantan,105.36,2.779357048698817e-05
Kelantan,105.95,2.9285447244042343e-05
Kelantan,106.55,3.152183843928345e-05
Kelantan,107.14,3.4306476741684846e-05
Kelantan,107.73,3.743133311654599e-05
Kelantan,108.33,4.067102210988567e-05
Kelantan,108.92,4.382620818358434e-05
Kelantan,109.51,4.674054966178166e-05
Kelantan,110.11,4.929870879881893e-05
Kelantan,110.7,5.1431222290011474e-05
Kelantan,111.29,5.3118939187586e-05
Kelantan,111.88,5.4383976040377946e-05
Kelantan,112.48,5.525264637404366e-05
Kelantan,113.07,5.56739701746363e-05
Kelantan,113.66,5.543713297436848e-05
Kelantan,114.26,5.4189045126121534e-05
Kelantan,114.85,5.157686727122419e-05
Kelantan,115.44,4.741566846472901e-05
Kelantan,116.04,4.179091273993667e-05
Kelantan,116.63,3.508787544170047e-05
Kelantan,117.22,2.793791243280668e-05
Kelantan,117.81,2.1053636346387245e-05
Kelantan,118.41,1.5010555007627744e-05
Kelantan,119.0,1.0112050898324952e-05
Negeri Sembilan,6.0,2.539896623764512e-05
Negeri Sembilan,6.57,4.4501379244070216e-05
Negeri Sembilan,7.15,7.42097248981753e-05
Negeri Sembilan,7.72,0.000118870646518
Negeri Sembilan,8.29,0.0001839507498746
Negeri Sembilan,8.86,0.0002754792160737
Negeri Sembilan,9.44,0.0003989401395122
Negeri Sembilan,10.01,0.0005581256838849
Negeri Sembilan,10.58,0.0007543365851818
Negeri Sembilan,11.16,0.0009860796882143
Negeri Sembilan,11.73,0.0012496641249019
Negeri Sembilan,12.3,0.0015408970589813
Negeri Sembilan,12.87,0.001857011193114
Negeri Sembilan,13.45,0.0021977389617294
Negeri Sembilan,14.02,0.002565315756123
Negeri Sembilan,14.59,0.0029631494883236
Negeri Sembilan,15.17,0.003393110554964
Negeri Sembilan,15.74,0.0038542313809143
Negeri Sembilan,16.31,0.0043462375575616
Negeri Sembilan,16.88,0.004874142734427
Negeri Sembilan,17.46,0.0054435961465494
Negeri Sembilan,18.03,0.0060450572240635
Negeri Sembilan,18.6,0.0066425179057073
Negeri Sembilan,19.18,0.0071844264732882
Negeri Sembilan,19.75,0.0076321289733533
Negeri Sembilan,20.32,0.0079810417237127
Negeri Sembilan,20.89,0.0082585565633043
Negeri Sembilan,21.47,0.008507695248521
Negeri Sembilan,22.04,0.0087741385910087
Negeri Sembilan,22.61,0.0091002167487616
Negeri Sembilan,23.19,0.0095158408440229
Negeri Sembilan,23.76,0.0100217357206341
Negeri Sembilan,24.33,0.0105781315736319
Negeri Sembilan,24.9,0.011118187561491
Negeri Sembilan,25.48,0.0115852701535462
Negeri Sembilan,26.05,0.0119661264737988
Negeri Sembilan,26.62,0.0122930190782576
Negeri Sembilan,27.2,0.0126179518353159
Negeri Sembilan,27.77,0.0129843625559406
Negeri Sembilan,28.34,0.0134143735121195
Negeri Sembilan,28.91,0.0139092953335628
Negeri Sembilan,29.49,0.0144510689959948
Negeri Sembilan,30.06,0.015000133522598
Negeri Sembilan,30.63,0.0155013918611706
Negeri Sembilan,31.21,0.0159108302211213
Negeri Sembilan,31.78,0.0162295330320867
Negeri Sembilan,32.35,0.0165102544811634
Negeri Sembilan,32.92,0.0168220234350223
Negeri Sembilan,33.5,0.0172018736275172
Negeri Sembilan,34.07,0.0176349506363183
Negeri Sembilan,34.64,0.0180723002191391
Negeri Sembilan,35.22,0.0184622994744091
Negeri Sembilan,35.79,0.0187714327762189
Negeri Sembilan,36.36,0.0189897366680731
Negeri Sembilan,36.93,0.0191268291813923
Negeri Sembilan,37.51,0.0192027191744113
Negeri Sembilan,38.08,0.0192369463573089
Negeri Sembilan,38.65,0.0192420080090257
Negeri Sembilan,39.23,0.0192252395783767
Negeri Sembilan,39.8,0.0191965948449499
Negeri Sembilan,40.37,0.0191736001018219
Negeri Sembilan,40.94,0.0191751760503498
Negeri Sembilan,41.52,0.0192060491199187
Negeri Sembilan,42.09,0.019245288188488
Negeri Sembilan,42.66,0.0192512381587722
Negeri Sembilan,43.24,0.0191802612019623
Negeri Sembilan,43.81,0.0190058757838143
Negeri Sembilan,44.38,0.0187285991770835
Negeri Sembilan,44.95,0.0183757158938412
Negeri Sembilan,45.53,0.0179935137711412
Negeri Sembilan,46.1,0.0176351743647388
Negeri Sembilan,46.67,0.0173520889587701
Negeri Sembilan,47.25,0.0172009011216462
Negeri Sembilan,47.82,0.0172723346918387
Negeri Sembilan,48.39,0.0177272490269219
Negeri Sembilan,48.96,0.018800460028545
Negeri Sembilan,49.54,0.0207272402372655
Negeri Sembilan,50.11,0.023588208433888
Negeri Sembilan,50.68,0.0271511653660228
Negeri Sembilan,51.26,0.0308453631504216
Negeri Sembilan,51.83,0.0339475541181678
Negeri Sembilan,52.4,0.0358972907719398
Negeri Sembilan,52.97,0.036533604438281
Negeri Sembilan,53.55,0.0360964833843278
Negeri Sembilan,54.12,0.0350241143190513
Negeri Sembilan,54.69,0.0337133981328569
Negeri Sembilan,55.27,0.03238706199088
Negeri Sembilan,55.84,0.0310955722420308
Negeri Sembilan,56.41,0.0297959925241683
Negeri Sembilan,56.98,0.0284350041373488
Negeri Sembilan,57.56,0.0269953367347369
Negeri Sembilan,58.13,0.0255043981593371
Negeri Sembilan,58.7,0.0240208614165691
Negeri Sembilan,59.28,0.0226092111872487
Negeri Sembilan,59.85,0.0213089952519746
Negeri Sembilan,60.42,0.0201146405744455
Negeri Sembilan,60.99,0.0189827892554289
Negeri Sembilan,61.57,0.0178636338845211
Negeri Sembilan,62.14,0.0167311409187801
Negeri Sembilan,62.71,0.0155912028268744
Negeri Sembilan,63.29,0.0144704657729028
Negeri Sembilan,63.86,0.0134022580201402
Negeri Sembilan,64.43,0.0124184927294084
Negeri Sembilan,65.01,0.0115443512672822
Negeri Sembilan,65.58,0.0107915242881597
Negeri Sembilan,66.15,0.0101522926700507
Negeri Sembilan,66.72,0.0095999989709521
Negeri Sembilan,67.3,0.0090982109998358
Negeri Sembilan,67.87,0.0086149162821255
Negeri Sembilan,68.44,0.0081339070912763
Negeri Sembilan,69.02,0.0076563935441674
Negeri Sembilan,69.59,0.0071926506708133
Negeri Sembilan,70.16,0.0067512544416708
Negeri Sembilan,70.73,0.0063343804126918
Negeri Sembilan,71.31,0.0059406833365552
Negeri Sembilan,71.88,0.0055702960733745
Negeri Sembilan,72.45,0.0052263252407093
Negeri Sembilan,73.03,0.0049122121373167
Negeri Sembilan,73.6,0.0046282650675077
Negeri Sembilan,74.17,0.004370403987991
Negeri Sembilan,74.74,0.0041313866389484
Negeri Sembilan,75.32,0.0039027663951197
Negeri Sembilan,75.89,0.0036763244886632
Negeri Sembilan,76.46,0.0034457097985064
Negeri Sembilan,77.04,0.0032092715213447
Negeri Sembilan,77.61,0.002972153509413
Negeri Sembilan,78.18,0.0027438177110254
Negeri Sembilan,78.75,0.0025311771004038
Negeri Sembilan,79.33,0.0023338434383238
Negeri Sembilan,79.9,0.0021472735049962
Negeri Sembilan,80.47,0.0019707184956825
Negeri Sembilan,81.05,0.0018107849501873
Negeri Sembilan,81.62,0.001676524687766
Negeri Sembilan,82.19,0.0015717126835008
Negeri Sembilan,82.76,0.0014919080492453
Negeri Sembilan,83.34,0.0014273360847303
Negeri Sembilan,83.91,0.0013675553909921
Negeri Sembilan,84.48,0.0013049516879416
Negeri Sembilan,85.06,0.0012366082475464
Negeri Sembilan,85.63,0.0011643032215789
Negeri Sembilan,86.2,0.0010922495920417
Negeri Sembilan,86.77,0.0010236980316158
Negeri Sembilan,87.35,0.0009588997081902
Negeri Sembilan,87.92,0.0008959500629288
Negeri Sembilan,88.49,0.0008335155374469
Negeri Sembilan,89.07,0.0007729242391478
Negeri Sembilan,89.64,0.0007178311205952
Negeri Sembilan,90.21,0.0006718828350823
Negeri Sembilan,90.78,0.0006365986283688
Negeri Sembilan,91.36,0.000611260104787
Negeri Sembilan,91.93,0.0005942455388805
Negeri Sembilan,92.5,0.0005837079133471
Negeri Sembilan,93.08,0.0005767259172742
Negeri Sembilan,93.65,0.0005683937208099
Negeri Sembilan,94.22,0.0005527391298372
Negeri Sembilan,94.79,0.0005254313222163
Negeri Sembilan,95.37,0.0004862504127093
Negeri Sembilan,95.94,0.0004393154373784
Negeri Sembilan,96.51,0.0003909301206369
Negeri Sembilan,97.09,0.0003467076655766
Negeri Sembilan,97.66,0.0003097691360941
Negeri Sembilan,98.23,0.0002805068933353
Negeri Sembilan,98.8,0.0002572838509643
Negeri Sembilan,99.38,0.0002374922520337
Negeri Sembilan,99.95,0.0002188724533932
Negeri Sembilan,100.52,0.0002007603184366
Negeri Sembilan,101.1,0.0001844054861354
Negeri Sembilan,101.67,0.000171983385567
Negeri Sembilan,102.24,0.0001651791015669
Negeri Sembilan,102.81,0.000164531307563
Negeri Sembilan,103.39,0.0001696226076666
Negeri Sembilan,103.96,0.0001792726460938
Negeri Sembilan,104.53,0.0001913313898387
Negeri Sembilan,105.11,0.0002026488257714
Negeri Sembilan,105.68,0.0002098619338009
Negeri Sembilan,106.25,0.0002107270459751
Negeri Sembilan,106.82,0.0002050113053566
Negeri Sembilan,107.4,0.0001942482987945
Negeri Sembilan,107.97,0.0001806424197537
Negeri Sembilan,108.54,0.0001661316977277
Negeri Sembilan,109.12,0.0001523162217496
Negeri Sembilan,109.69,0.0001408338519219
Negeri Sembilan,110.26,0.0001331627230106
Negeri Sembilan,110.83,0.0001296804943169
Negeri Sembilan,111.41,0.0001290493570658
Negeri Sembilan,111.98,0.0001288670736465
Negeri Sembilan,112.55,0.0001271472778208
Negeri Sembilan,113.13,0.0001233419029285
Negeri Sembilan,113.7,0.0001182156849589
Negeri Sembilan,114.27,0.0001130164421903
Negeri Sembilan,114.84,0.0001087768789995
Negeri Sembilan,115.42,0.0001060862746613
Negeri Sembilan,115.99,0.0001050879749765
Negeri Sembilan,116.56,0.0001054066043426
Negeri Sembilan,117.14,0.0001060355156293
Negeri Sembilan,117.71,0.0001054121201758
Negeri Sembilan,118.28,0.0001017816528556
Negeri Sembilan,118.85,9.374885255812511e-05
Negeri Sembilan,119.43,8.087237027460375e-05
Negeri Sembilan,120.0,6.412519706040528e-05
Perak,1.0,2.5725336928829632e-05
Perak,1.6,3.4759646467536794e-05
Perak,2.2,4.050741337930887e-05
Perak,2.79,4.346628212862213e-05
Perak,3.39,4.808682142008566e-05
Perak,3.99,6.027157809946206e-05
Perak,4.59,8.377138574185672e-05
Perak,5.19,0.0001192233224174
Perak,5.78,0.0001672129295449
Perak,6.38,0.0002324722103436
Perak,6.98,0.0003245242029517
Perak,7.58,0.0004543598693458
Perak,8.18,0.0006317595542889
Perak,8.77,0.0008643621862067
Perak,9.37,0.0011540657995531
Perak,9.97,0.0014924427412742
Perak,10.57,0.0018648799201446
Perak,11.17,0.0022642585482247
Perak,11.76,0.0026986842890289
Perak,12.36,0.003180046735763
Perak,12.96,0.0037027329164247
Perak,13.56,0.0042366852652843
Perak,14.16,0.004746389545101
Perak,14.75,0.0052213441303102
Perak,15.35,0.0056897734622727
Perak,15.95,0.0061986441662558
Perak,16.55,0.0067755247151628
Perak,17.15,0.0074103655464753
Perak,17.74,0.0080723595483877
Perak,18.34,0.0087354831163754
Perak,18.94,0.0093871562138677
Perak,19.54,0.0100246576577934
Perak,20.14,0.0106499073137677
Perak,20.73,0.0112644933427917
Perak,21.33,0.0118694886726418
Perak,21.93,0.0124718587751094
Perak,22.53,0.0130884146930632
Perak,23.13,0.013739190113699
Perak,23.72,0.0144297293571093
Perak,24.32,0.0151334621622364
Perak,24.92,0.0158016840025
Perak,25.52,0.0164061530289517
Perak,26.12,0.0169619912007517
Perak,26.71,0.0174935117334001
Perak,27.31,0.0179938076802986
Perak,27.91,0.0184379657411591
Perak,28.51,0.0188236873756772
Perak,29.11,0.0191785842473857
Perak,29.7,0.0195262667494639
Perak,30.3,0.0198532666888988
Perak,30.9,0.0201161369081604
Perak,31.5,0.0202840529055584
Perak,32.1,0.0203689448696018
Perak,32.69,0.020409570885072
Perak,33.29,0.0204356301697344
Perak,33.89,0.0204554083642087
Perak,34.49,0.0204668998908671
Perak,35.09,0.0204644353563813
Perak,35.68,0.020434619037052
Perak,36.28,0.0203579386494189
Perak,36.88,0.0202203269547006
Perak,37.48,0.0200232953779075
Perak,38.08,0.0197890448739005
Perak,38.67,0.0195586257556426
Perak,39.27,0.0193712116487237
Perak,39.87,0.0192329902931765
Perak,40.47,0.0191117727823603
Perak,41.07,0.0189661705662021
Perak,41.66,0.0187740816380967
Perak,42.26,0.0185361284644712
Perak,42.86,0.0182675793255172
Perak,43.46,0.0179953336414861
Perak,44.06,0.0177534981669502
Perak,44.65,0.0175673406165751
Perak,45.25,0.0174357257884416
Perak,45.85,0.0173315706514608
Perak,46.45,0.0172250881524192
Perak,47.05,0.0171194987239108
Perak,47.64,0.017089809156353
Perak,48.24,0.0173189311243824
Perak,48.84,0.0181102952485244
Perak,49.44,0.0198250612903778
Perak,50.04,0.0226952593791779
Perak,50.63,0.0265633286966254
Perak,51.23,0.0307497253413117
Perak,51.83,0.0342607119547483
Perak,52.43,0.0362837275292275
Perak,53.03,0.0365939849161777
Perak,53.62,0.0355440039947212
Perak,54.22,0.0337267414796868
Perak,54.82,0.0316508749580314
Perak,55.42,0.0296059652970741
Perak,56.02,0.0276781327150378
Perak,56.61,0.0258405471166257
Perak,57.21,0.02406038367139
Perak,57.81,0.0223518527070695
Perak,58.41,0.020743925391358
Perak,59.01,0.0192276280463982
Perak,59.6,0.0177663785760871
Perak,60.2,0.0163516744640354
Perak,60.8,0.01502029502106
Perak,61.4,0.0138115195054388
Perak,61.99,0.0127230843410523
Perak,62.59,0.0117147418604558
Perak,63.19,0.0107461282760195
Perak,63.79,0.0098072222949261
Perak,64.39,0.0089210426002412
Perak,64.98,0.0081248940936272
Perak,65.58,0.0074423929117496
Perak,66.18,0.0068595812421518
Perak,66.78,0.0063256685024469
Perak,67.38,0.0057890643006485
Perak,67.97,0.0052410802681489
Perak,68.57,0.0047202991491471
Perak,69.17,0.0042710899471342
Perak,69.77,0.0039036395800168
Perak,70.37,0.0035966889021224
Perak,70.96,0.0033275874089018
Perak,71.56,0.0030879596970812
Perak,72.16,0.0028763448263585
Perak,72.76,0.0026885857867697
Perak,73.36,0.0025156932392563
Perak,73.95,0.0023461753981522
Perak,74.55,0.0021719906143201
Perak,75.15,0.0019934107423841
Perak,75.75,0.001816365668848
Perak,76.35,0.0016471923191146
Perak,76.94,0.0014922487436567
Perak,77.54,0.0013582766204591
Perak,78.14,0.0012478814509021
Perak,78.74,0.0011560304733944
Perak,79.34,0.0010751565837442
Perak,79.93,0.0010030095853642
Perak,80.53,0.0009420426660288
Perak,81.13,0.0008925092871336
Perak,81.73,0.0008503279458358
Perak,82.33,0.0008113471405224
Perak,82.92,0.0007748625654963
Perak,83.52,0.0007428201599282
Perak,84.12,0.0007166999942406
Perak,84.72,0.0006956081531895
Perak,85.32,0.0006775656526378
Perak,85.91,0.0006613038007411
Perak,86.51,0.0006448669321342
Perak,87.11,0.0006240146376036
Perak,87.71,0.0005952416821911
Perak,88.31,0.0005598042846393
Perak,88.9,0.0005222530849453
Perak,89.5,0.0004857569139935
Perak,90.1,0.0004514846567679
Perak,90.7,0.0004220640228857
Perak,91.3,0.0004019770487925
Perak,91.89,0.0003927707616161
Perak,92.49,0.0003899023295605
Perak,93.09,0.0003861605597529
Perak,93.69,0.0003774159472807
Perak,94.29,0.0003641081895251
Perak,94.88,0.0003482816719933
Perak,95.48,0.0003307043253563
Perak,96.08,0.0003103897568002
Perak,96.68,0.0002857586849426
Perak,97.28,0.0002567403112396
Perak,97.87,0.0002264188994679
Perak,98.47,0.0001997056688412
Perak,99.07,0.0001795604474464
Perak,99.67,0.0001649510329921
Perak,100.27,0.0001527956272371
Perak,100.86,0.0001414891146036
Perak,101.46,0.0001323635076817
Perak,102.06,0.0001279025006224
Perak,102.66,0.0001285354975294
Perak,103.26,0.0001311235576457
Perak,103.85,0.0001309613392427
Perak,104.45,0.0001257767294904
Perak,105.05,0.0001177370238927
Perak,105.65,0.0001112958436696
Perak,106.25,0.0001092891468717
Perak,106.84,0.0001111283580056
Perak,107.44,0.0001139577555074
Perak,108.04,0.0001149646283979
Perak,108.64,0.0001130951849891
Perak,109.24,0.0001093914036238
Perak,109.83,0.0001058216677219
Perak,110.43,0.0001034339240677
Perak,111.03,0.0001015573978679
Perak,111.63,9.89472895196043e-05
Perak,112.23,9.54887129400112e-05
Perak,112.82,9.2335594032641e-05
Perak,113.42,9.037245989636696e-05
Perak,114.02,8.900226432816112e-05
Perak,114.62,8.679339146872615e-05
Perak,115.22,8.316400218603204e-05
Perak,115.81,7.901823654449476e-05
Perak,116.41,7.56359195055738e-05
Perak,117.01,7.331544857224929e-05
Perak,117.61,7.129049722646255e-05
Perak,118.21,6.844171346582116e-05
Perak,118.8,6.358063241149437e-05
Perak,119.4,5.552826942528301e-05
Perak,120.0,4.393370570173462e-05
